nyugdíj,nyugdíjéi,1,NOUN|ANP<PLUR>
séd,sédéi,1,NOUN|ANP<PLUR>
kivétel,kivételéi,1,NOUN|ANP<PLUR>
csikk,csikkéi,1,NOUN|ANP<PLUR>
vastagság,vastagságéi,2,NOUN|ANP<PLUR>
költészet,költészetéi,3,NOUN|ANP<PLUR>
kérdési,kérdésiéi,2,NOUN[MET_ATTRIB]|ADJ|ANP<PLUR>
liberalizmus,liberalizmuséi,1,NOUN|ANP<PLUR>
termékek,termékekéi,1,NOUN|PLUR|ANP<PLUR>
trupp,truppéi,2,NOUN|ANP<PLUR>
puszták,pusztákéi,2,ADJ|PLUR|ANP<PLUR>
jelentés,jelentéséi,10,NOUN|ANP<PLUR>
kiadások,kiadásokéi,3,NOUN|PLUR|ANP<PLUR>
öröm,öröméi,4,NOUN|ANP<PLUR>
elmélet,elméletéi,2,NOUN|ANP<PLUR>
eredmény,eredményéi,5,NOUN|ANP<PLUR>
ti,tieitek,16,NOUN|PERS<2>|PLUR|ANP<PLUR>
elme,elmééi,8,NOUN|ANP<PLUR>
férfiak,férfiakéi,5,NOUN|PLUR|ANP<PLUR>
generáli,generáliéi,2,NOUN[MET_ATTRIB]|ADJ|ANP<PLUR>
iker,ikeréi,1,NOUN|ANP<PLUR>
szemléi,szemléiéi,2,NOUN|PLUR|POSS|ANP<PLUR>
ezer,ezeréi,10,NUM|ANP<PLUR>
eszti,esztiéi,1,NOUN[MET_ATTRIB]|ADJ|ANP<PLUR>
ezek,ezekéi,22,DET|PLUR|ANP<PLUR>
tevékenységi,tevékenységiéi,2,NOUN[MET_ATTRIB]|ADJ|ANP<PLUR>
kürtjei,kürtjeiéi,1,NOUN|PLUR|POSS|ANP<PLUR>
személyesség,személyességéi,2,ADJ[ABSTRACT]|NOUN|ANP<PLUR>
megértés,megértéséi,3,NOUN|ANP<PLUR>
kicsik,kicsikéi,14,ADJ|PLUR|ANP<PLUR>
hall,halléi,12,NOUN|ANP<PLUR>
császári,császáriéi,20,NOUN|ANP<PLUR>
panni,panniéi,1,NOUN[MET_ATTRIB]|ADJ|ANP<PLUR>
lírai,líraiéi,2,ADJ|ANP<PLUR>
készület,készületéi,1,NOUN|ANP<PLUR>
észlelet,észleletéi,2,NOUN|ANP<PLUR>
költeménye,költeményééi,1,NOUN|POSS|ANP<PLUR>
ezid,ezidéi,1,NOUN[MET_ATTRIB]|ADJ|POSS<2>|ANP<PLUR>
béni,béniéi,1,NOUN[MET_ATTRIB]|ADJ|ANP<PLUR>
elismerés,elismeréséi,9,NOUN|ANP<PLUR>
asszony,asszonyéi,5,NOUN|ANP<PLUR>
székhely,székhelyéi,1,NOUN|ANP<PLUR>
vendég,vendégéi,4,ADJ|ANP<PLUR>
baba,babáéi,1,NOUN|ANP<PLUR>
program,programéi,1,NOUN|ANP<PLUR>
rekonstrukció,rekonstrukcióéi,1,NOUN|ANP<PLUR>
széchenyi,széchenyiéi,2,NOUN[MET_ATTRIB]|ADJ|ANP<PLUR>
reliefünk,reliefünkéi,1,NOUN|POSS<1><PLUR>|ANP<PLUR>
cserfái,cserfáiéi,1,NOUN|PLUR|POSS|ANP<PLUR>
szövőd,szövődéi,4,NOUN|POSS<2>|ANP<PLUR>
tamás,tamáséi,1,NOUN|ANP<PLUR>
öntött,öntöttéi,6,ADJ|ANP<PLUR>
avarjai,avarjaiéi,2,ADJ|PLUR|POSS|ANP<PLUR>
forgács,forgácséi,1,NOUN|ANP<PLUR>
jellegük,jellegükéi,1,NOUN|POSS<PLUR>|ANP<PLUR>
edény,edényéi,1,NOUN|ANP<PLUR>
jácint,jácintéi,1,NOUN|ANP<PLUR>
vezetés,vezetéséi,4,NOUN|ANP<PLUR>
rendek,rendekéi,2,NOUN|PLUR|ANP<PLUR>
műtét,műtétéi,3,NOUN|ANP<PLUR>
toli,toliéi,1,NOUN[MET_ATTRIB]|ADJ|ANP<PLUR>
pariik,pariikéi,5,NOUN|PLUR|POSS<PLUR>|ANP<PLUR>
járom,jároméi,2,NOUN|ANP<PLUR>
jellemzés,jellemzéséi,4,NOUN|ANP<PLUR>
kifejtés,kifejtéséi,3,NOUN|ANP<PLUR>
tanítók,tanítókéi,3,ADJ|PLUR|ANP<PLUR>
mintaképem,mintaképeméi,1,NOUN|POSS<1>|ANP<PLUR>
sín,sínéi,4,NOUN|ANP<PLUR>
rezgések,rezgésekéi,2,NOUN|PLUR|ANP<PLUR>
meleg,melegéi,2,ADJ|ANP<PLUR>
rokonok,rokonokéi,2,ADJ|PLUR|ANP<PLUR>
lövői,lövőiéi,2,NOUN[MET_ATTRIB]|ADJ|ANP<PLUR>
elv,elvéi,6,NOUN|ANP<PLUR>
jelzett,jelzettéi,3,NOUN|ANP<PLUR>
helyesség,helyességéi,3,NOUN|ANP<PLUR>
hang,hangéi,1,NOUN|ANP<PLUR>
hevederek,hevederekéi,1,NOUN|PLUR|ANP<PLUR>
követés,követéséi,2,NOUN|ANP<PLUR>
anyák,anyákéi,1,NOUN|PLUR|ANP<PLUR>
istenünk,istenünkéi,4,NOUN|POSS<1><PLUR>|ANP<PLUR>
közügyek,közügyekéi,1,NOUN|PLUR|ANP<PLUR>
mások,másokéi,30,NOUN|PLUR|ANP<PLUR>
fenség,fenségéi,1,NOUN|ANP<PLUR>
gyuri,gyuriéi,1,NOUN[MET_ATTRIB]|ADJ|ANP<PLUR>
anyám,anyáméi,2,NOUN|POSS<1>|ANP<PLUR>
hajó,hajóéi,2,NOUN|ANP<PLUR>
sas,saséi,1,NOUN|ANP<PLUR>
intézkedés,intézkedéséi,4,NOUN|ANP<PLUR>
emi,emiéi,2,NOUN[MET_ATTRIB]|ADJ|ANP<PLUR>
országok,országokéi,5,NOUN|PLUR|ANP<PLUR>
forrás,forráséi,2,NOUN|ANP<PLUR>
hanyag,hanyagéi,1,ADJ|ANP<PLUR>
különöse,különösééi,3,NOUN|POSS|ANP<PLUR>
őrs,őrséi,2,NOUN|ANP<PLUR>
lengyelek,lengyelekéi,2,NOUN|PLUR|ANP<PLUR>
emu,emuéi,1,NOUN|ANP<PLUR>
anyád,anyádéi,1,NOUN|POSS<2>|ANP<PLUR>
szerencsénk,szerencsénkéi,1,NOUN|POSS<1><PLUR>|ANP<PLUR>
föltétel,föltételéi,1,NOUN|ANP<PLUR>
seri,seriéi,8,NOUN[MET_ATTRIB]|ADJ|ANP<PLUR>
gyökér,gyökéréi,1,NOUN|ANP<PLUR>
kitörés,kitöréséi,5,NOUN|ANP<PLUR>
ellen,ellenéi,2,NOUN|ANP<PLUR>
tevékenysége,tevékenységééi,2,NOUN|POSS|ANP<PLUR>
tanulás,tanuláséi,2,NOUN|ANP<PLUR>
szülés,szüléséi,3,NOUN|ANP<PLUR>
objektivitás,objektivitáséi,1,NOUN|ANP<PLUR>
dalest,dalestéi,1,NOUN|ANP<PLUR>
gyűjtés,gyűjtéséi,4,NOUN|ANP<PLUR>
mell,melléi,2,NOUN|ANP<PLUR>
hamv,hamvéi,1,NOUN|ANP<PLUR>
fiai,fiaiéi,4,NOUN|PLUR|POSS|ANP<PLUR>
érmek,érmekéi,1,NOUN|PLUR|ANP<PLUR>
esemény,eseményéi,1,NOUN|ANP<PLUR>
tori,toriéi,3,NOUN[MET_ATTRIB]|ADJ|ANP<PLUR>
hosszúd,hosszúdéi,3,NOUN|POSS<2>|ANP<PLUR>
sebesség,sebességéi,6,NOUN|ANP<PLUR>
miskolci,miskolciéi,14,NOUN[MET_ATTRIB]|ADJ|ANP<PLUR>
zongora,zongoráéi,1,NOUN|ANP<PLUR>
nehézség,nehézségéi,2,NOUN|ANP<PLUR>
sötét,sötétéi,2,ADJ|ANP<PLUR>
író,íróéi,9,NOUN|ANP<PLUR>
szigetek,szigetekéi,1,NOUN|PLUR|ANP<PLUR>
igém,igéméi,1,NOUN|POSS<1>|ANP<PLUR>
nagycsaládok,nagycsaládokéi,1,NOUN|PLUR|ANP<PLUR>
igék,igékéi,2,NOUN|PLUR|ANP<PLUR>
vattái,vattáiéi,1,NOUN|PLUR|POSS|ANP<PLUR>
öltözet,öltözetéi,1,NOUN|ANP<PLUR>
rövidsége,rövidségééi,2,NOUN|POSS|ANP<PLUR>
harci,harciéi,4,ADJ|ANP<PLUR>
gyermeki,gyermekiéi,3,ADJ|ANP<PLUR>
jaj,jajéi,1,NOUN|ANP<PLUR>
béri,bériéi,3,NOUN[MET_ATTRIB]|ADJ|ANP<PLUR>
jak,jakéi,4,NOUN|ANP<PLUR>
kőris,kőriséi,2,NOUN|ANP<PLUR>
vadállat,vadállatéi,2,NOUN|ANP<PLUR>
menyek,menyekéi,1,NOUN|PLUR|ANP<PLUR>
nerti,nertiéi,2,NOUN[MET_ATTRIB]|ADJ|ANP<PLUR>
ó,óéi,1,ADJ|ANP<PLUR>
anyagú,anyagúéi,2,ADJ|ANP<PLUR>
ők,övéik,14,NOUN|PERS|PLUR|ANP<PLUR>
életük,életükéi,1,NOUN|POSS<PLUR>|ANP<PLUR>
betelepítés,betelepítéséi,2,VERB[GERUND]|NOUN|ANP<PLUR>
gyönyör,gyönyöréi,1,NOUN|ANP<PLUR>
topp,toppéi,2,NOUN|ANP<PLUR>
égi,égiéi,4,ADJ|ANP<PLUR>
denevér,denevéréi,5,NOUN|ANP<PLUR>
elérés,eléréséi,5,NOUN|ANP<PLUR>
príma,prímáéi,1,ADJ|ANP<PLUR>
punk,punkéi,1,NOUN|ANP<PLUR>
hotel,hoteléi,1,NOUN|ANP<PLUR>
iskolázottak,iskolázottakéi,6,ADJ|PLUR|ANP<PLUR>
első,elsőéi,2,NOUN|ANP<PLUR>
angi,angiéi,4,NOUN[MET_ATTRIB]|ADJ|ANP<PLUR>
nyelvész,nyelvészéi,2,NOUN|ANP<PLUR>
bérkocsisok,bérkocsisokéi,2,NOUN[MET_ATTRIB]|ADJ[ATTRIB]|ADJ|PLUR|ANP<PLUR>
csönd,csöndéi,2,NOUN|ANP<PLUR>
gyermek,gyermekéi,8,NOUN|ANP<PLUR>
úriemberek,úriemberekéi,2,NOUN|PLUR|ANP<PLUR>
példák,példákéi,2,NOUN|PLUR|ANP<PLUR>
temetések,temetésekéi,2,NOUN|PLUR|ANP<PLUR>
tisztái,tisztáiéi,1,ADJ|PLUR|POSS|ANP<PLUR>
terjesztés,terjesztéséi,2,NOUN|ANP<PLUR>
becsület,becsületéi,3,NOUN|ANP<PLUR>
küldönce,küldöncééi,1,NOUN|POSS|ANP<PLUR>
pollen,pollenéi,1,NOUN|ANP<PLUR>
figyelmünk,figyelmünkéi,2,NOUN|POSS<1><PLUR>|ANP<PLUR>
pihenőhelyek,pihenőhelyekéi,1,NOUN|PLUR|ANP<PLUR>
antropológus,antropológuséi,1,NOUN|ANP<PLUR>
gyenge,gyengééi,2,ADJ|ANP<PLUR>
ítélet,ítéletéi,2,NOUN|ANP<PLUR>
másfélék,másfélékéi,4,NOUN|PLUR|ANP<PLUR>
követelők,követelőkéi,2,VERB[IMPERF_PART]|ADJ|PLUR|ANP<PLUR>
jelelés,jeleléséi,3,NOUN|ANP<PLUR>
hatalmazó,hatalmazóéi,2,VERB[IMPERF_PART]|ADJ|ANP<PLUR>
sói,sóiéi,2,NOUN[MET_ATTRIB]|ADJ|ANP<PLUR>
eri,eriéi,6,NOUN[MET_ATTRIB]|ADJ|ANP<PLUR>
angolszászok,angolszászokéi,2,NOUN|PLUR|ANP<PLUR>
hüvelykek,hüvelykekéi,1,NOUN|PLUR|ANP<PLUR>
megkülönböztetés,megkülönböztetéséi,5,NOUN|ANP<PLUR>
felfedezés,felfedezéséi,9,NOUN|ANP<PLUR>
magvunk,magunkéi,18,NOUN|POSS<1><PLUR>|ANP<PLUR>
veszély,veszélyéi,1,NOUN|ANP<PLUR>
csődöm,csődöméi,1,NOUN|POSS<1>|ANP<PLUR>
örököd,öröködéi,2,ADJ|POSS<2>|ANP<PLUR>
fémek,fémekéi,4,NOUN|PLUR|ANP<PLUR>
harc,harcéi,1,NOUN|ANP<PLUR>
tavas,tavaséi,2,ADJ|ANP<PLUR>
nevünk,nevünkéi,2,NOUN|POSS<1><PLUR>|ANP<PLUR>
állam,államéi,10,NOUN|POSS<1>|ANP<PLUR>
várak,várakéi,1,NOUN|PLUR|ANP<PLUR>
örmények,örményekéi,2,ADJ|PLUR|ANP<PLUR>
gazdagabbak,gazdagabbakéi,1,ADJ[COMPAR]|ADJ|PLUR|ANP<PLUR>
ország,országéi,7,NOUN|ANP<PLUR>
befolyás,befolyáséi,4,NOUN|ANP<PLUR>
tók,tavakéi,1,NOUN|PLUR|ANP<PLUR>
éji,éjiéi,8,ADJ|ANP<PLUR>
eredeti,eredetiéi,9,ADJ|ANP<PLUR>
fád,fádéi,2,NOUN|POSS<2>|ANP<PLUR>
ügyeim,ügyeiméi,2,NOUN|PLUR|POSS<1>|ANP<PLUR>
számúm,számúméi,2,ADJ|POSS<1>|ANP<PLUR>
ellenkezés,ellenkezéséi,2,NOUN|ANP<PLUR>
magánosok,magánosokéi,6,NOUN|PLUR|ANP<PLUR>
jel,jeléi,4,NOUN|ANP<PLUR>
főúri,főúriéi,2,ADJ|ANP<PLUR>
fák,fákéi,2,NOUN|PLUR|ANP<PLUR>
jen,jenéi,27,NOUN|ANP<PLUR>
bérkocsik,bérkocsikéi,2,NOUN|PLUR|ANP<PLUR>
állatnevek,állatnevekéi,1,NOUN|PLUR|ANP<PLUR>
negyedik,negyedikéi,4,NOUN[MET_ATTRIB]|ADJ|PLUR|ANP<PLUR>
átlagemberek,átlagemberekéi,1,NOUN|PLUR|ANP<PLUR>
állat,állatéi,3,NOUN|ANP<PLUR>
lili,liliéi,8,NOUN[MET_ATTRIB]|ADJ|ANP<PLUR>
maris,mariséi,18,NOUN|ANP<PLUR>
lapok,lapokéi,1,NOUN|PLUR|ANP<PLUR>
kilépés,kilépéséi,3,NOUN|ANP<PLUR>
juli,juliéi,2,NOUN[MET_ATTRIB]|ADJ|ANP<PLUR>
barbár,barbáréi,2,ADJ|ANP<PLUR>
záróvonal,záróvonaléi,1,NOUN|ANP<PLUR>
tagozat,tagozatéi,1,NOUN|ANP<PLUR>
ipar,iparéi,2,NOUN|ANP<PLUR>
érdek,érdekéi,2,NOUN|ANP<PLUR>
mester,mesteréi,3,NOUN|ANP<PLUR>
kolostor,kolostoréi,1,NOUN|ANP<PLUR>
hadtest,hadtestéi,1,NOUN|ANP<PLUR>
válaszfalak,válaszfalakéi,1,NOUN|PLUR|ANP<PLUR>
jói,jóiéi,9,NOUN[MET_ATTRIB]|ADJ|ANP<PLUR>
érdem,érdeméi,3,NOUN|ANP<PLUR>
elkeseredett,elkeseredettéi,2,ADJ|ANP<PLUR>
menü,menüéi,2,NOUN|ANP<PLUR>
jós,jóséi,8,NOUN|ANP<PLUR>
link,linkéi,3,NOUN[MET_ATTRIB]|ADJ|POSS<1><PLUR>|ANP<PLUR>
senki,senkiéi,8,NOUN|ANP<PLUR>
sis,siséi,1,NOUN[MET_ATTRIB]|ADJ[ATTRIB]|ADJ|ANP<PLUR>
péteri,péteriéi,2,NOUN[MET_ATTRIB]|ADJ|ANP<PLUR>
türk,türkéi,118,ADJ|ANP<PLUR>
önmagatok,önmagatokéi,1,NOUN|PERS<2>|PLUR|ANP<PLUR>
érkezés,érkezéséi,2,NOUN|ANP<PLUR>
terület,területéi,7,NOUN|ANP<PLUR>
menő,menőéi,3,ADJ|ANP<PLUR>
brandenburgi,brandenburgiéi,2,NOUN[MET_ATTRIB]|ADJ|ANP<PLUR>
tulajdonos,tulajdonoséi,4,NOUN|ANP<PLUR>
követek,követekéi,2,NOUN|POSS<2><PLUR>|ANP<PLUR>
hold,holdéi,3,NOUN|ANP<PLUR>
rönk,rönkéi,1,NOUN|ANP<PLUR>
nénik,nénikéi,30,NOUN|PLUR|ANP<PLUR>
bűneink,bűneinkéi,2,NOUN|PLUR|POSS<1><PLUR>|ANP<PLUR>
szülei,szüleiéi,8,NOUN[MET_ATTRIB]|ADJ|ANP<PLUR>
ere,erééi,1,NOUN|POSS|ANP<PLUR>
kegyelmetek,kegyelmetekéi,1,NOUN|POSS<2><PLUR>|ANP<PLUR>
kérés,kéréséi,4,NOUN|ANP<PLUR>
népköltészet,népköltészetéi,1,NOUN|ANP<PLUR>
tücskök,tücskökéi,1,NOUN|PLUR|ANP<PLUR>
jelzési,jelzésiéi,2,NOUN[MET_ATTRIB]|ADJ|ANP<PLUR>
sötétség,sötétségéi,2,NOUN|ANP<PLUR>
szükség,szükségéi,1,NOUN|ANP<PLUR>
lovagok,lovagokéi,1,NOUN|PLUR|ANP<PLUR>
pontosa,pontosáéi,2,ADJ|POSS|ANP<PLUR>
kecském,kecskéméi,6,NOUN|POSS<1>|ANP<PLUR>
kereskedők,kereskedőkéi,2,NOUN|PLUR|ANP<PLUR>
évek,évekéi,1,NOUN|PLUR|ANP<PLUR>
borjú,borjúéi,2,NOUN|ANP<PLUR>
tápláló,táplálóéi,3,NOUN|ANP<PLUR>
karunk,karunkéi,2,NOUN|POSS<1><PLUR>|ANP<PLUR>
vetés,vetéséi,2,NOUN|ANP<PLUR>
borom,boroméi,3,NOUN|POSS<1>|ANP<PLUR>
felföld,felföldéi,1,NOUN|ANP<PLUR>
takarék,takarékéi,1,NOUN|ANP<PLUR>
önök,önökéi,5,NOUN|PERS|PLUR|ANP<PLUR>
történetíró,történetíróéi,1,NOUN|ANP<PLUR>
törökök,törökökéi,4,ADJ|PLUR|ANP<PLUR>
vértanuk,vértanukéi,1,NOUN|PLUR|ANP<PLUR>
zári,záriéi,2,NOUN[MET_ATTRIB]|ADJ|ANP<PLUR>
magánosuk,magánosukéi,3,NOUN|POSS<PLUR>|ANP<PLUR>
ihlet,ihletéi,1,NOUN|ANP<PLUR>
agy,agyéi,2,NOUN|ANP<PLUR>
megtérülés,megtérüléséi,3,NOUN|ANP<PLUR>
hírlap,hírlapéi,1,NOUN|ANP<PLUR>
amelyek,amelyekéi,4,NOUN|PLUR|ANP<PLUR>
javak,javakéi,3,NOUN|PLUR|ANP<PLUR>
holt,holtéi,2,NOUN|ANP<PLUR>
mindezek,mindezekéi,2,DET|PLUR|ANP<PLUR>
személyünk,személyünkéi,1,NOUN|POSS<1><PLUR>|ANP<PLUR>
egyházunk,egyházunkéi,1,NOUN|POSS<1><PLUR>|ANP<PLUR>
mobil,mobiléi,2,NOUN|ANP<PLUR>
találat,találatéi,1,NOUN|ANP<PLUR>
lőcs,lőcséi,1,NOUN|ANP<PLUR>
jegyzéseim,jegyzéseiméi,2,NOUN|PLUR|POSS<1>|ANP<PLUR>
hieroglif,hierogliféi,1,NOUN|ANP<PLUR>
lelőhely,lelőhelyéi,1,NOUN|ANP<PLUR>
budapesti,budapestiéi,3,ADJ|ANP<PLUR>
maies,maiséi,4,NOUN[MET_ATTRIB]|ADJ[ATTRIB]|ADJ|ANP<PLUR>
indulat,indulatéi,2,NOUN|ANP<PLUR>
mail,mailéi,2,NOUN|ANP<PLUR>
petőfi,petőfiéi,3,NOUN[MET_ATTRIB]|ADJ|ANP<PLUR>
színház,színházéi,1,NOUN|ANP<PLUR>
hordozói,hordozóiéi,3,NOUN[MET_ATTRIB]|ADJ|ANP<PLUR>
színészet,színészetéi,1,NOUN|ANP<PLUR>
csiger,csigeréi,1,NOUN|ANP<PLUR>
étkezés,étkezéséi,3,NOUN|ANP<PLUR>
gége,gégééi,1,NOUN|ANP<PLUR>
ais,aiséi,1,NOUN[MET_ATTRIB]|ADJ[ATTRIB]|ADJ|ANP<PLUR>
kation,kationéi,1,NOUN|ANP<PLUR>
színészek,színészekéi,1,NOUN|PLUR|ANP<PLUR>
egyenlő,egyenlőéi,2,ADJ|ANP<PLUR>
film,filméi,1,NOUN|ANP<PLUR>
lándzsa,lándzsáéi,1,NOUN|ANP<PLUR>
eszköz,eszközéi,2,NOUN|ANP<PLUR>
mongol,mongoléi,22,ADJ|ANP<PLUR>
gyilkos,gyilkoséi,3,ADJ|ANP<PLUR>
rendszer,rendszeréi,2,NOUN|ANP<PLUR>
anyag,anyagéi,1,NOUN|ANP<PLUR>
hercegséged,hercegségedéi,1,NOUN|POSS<2>|ANP<PLUR>
józsefi,józsefiéi,3,NOUN[MET_ATTRIB]|ADJ|ANP<PLUR>
anyai,anyaiéi,3,NOUN|ANP<PLUR>
egyikünk,egyikünkéi,1,NOUN|POSS<1><PLUR>|ANP<PLUR>
sok,sokéi,1,NUM|ANP<PLUR>
som,soméi,1,NOUN|ANP<PLUR>
sül,süléi,2,NOUN|ANP<PLUR>
sor,soréi,5,NOUN|ANP<PLUR>
területek,területekéi,2,NOUN|PLUR|ANP<PLUR>
illetői,illetőiéi,5,NOUN[MET_ATTRIB]|ADJ|ANP<PLUR>
letét,letétéi,3,NOUN|ANP<PLUR>
egeres,egereséi,5,NOUN[ATTRIB]|ADJ|ANP<PLUR>
béresek,béresekéi,3,ADJ|PLUR|ANP<PLUR>
egészek,egészekéi,2,ADJ|PLUR|ANP<PLUR>
balatoni,balatoniéi,3,ADJ|ANP<PLUR>
vinci,vinciéi,1,NOUN[MET_ATTRIB]|ADJ|ANP<PLUR>
szekér,szekéréi,2,NOUN|ANP<PLUR>
gabi,gabiéi,1,NOUN[MET_ATTRIB]|ADJ|ANP<PLUR>
béreim,béreiméi,1,NOUN|PLUR|POSS<1>|ANP<PLUR>
fém,féméi,1,NOUN|ANP<PLUR>
fél,féléi,12,NOUN|ANP<PLUR>
helyettes,helyetteséi,2,NOUN|ANP<PLUR>
magvú,magúéi,1,NOUN[INAL_ATTRIB]|ADJ|ANP<PLUR>
mész,mészéi,2,NOUN|ANP<PLUR>
küldött,küldöttéi,14,NOUN|ANP<PLUR>
nyél,nyéléi,1,NOUN|ANP<PLUR>
pecsét,pecsétéi,47,NOUN|ANP<PLUR>
könyv,könyvéi,5,NOUN|ANP<PLUR>
fing,fingéi,3,NOUN|ANP<PLUR>
kötelem,köteleméi,2,NOUN|POSS<1>|ANP<PLUR>
basa,basáéi,1,NOUN|ANP<PLUR>
csend,csendéi,1,NOUN|ANP<PLUR>
aki,akiéi,3,NOUN|ANP<PLUR>
ugró,ugróéi,2,NOUN|ANP<PLUR>
fejezeti,fejezetiéi,1,NOUN[MET_ATTRIB]|ADJ|ANP<PLUR>
harmadik,harmadikéi,8,ADJ|PLUR|ANP<PLUR>
intézkedési,intézkedésiéi,2,NOUN[MET_ATTRIB]|ADJ|ANP<PLUR>
telér,teléréi,1,NOUN|ANP<PLUR>
sarc,sarcéi,3,NOUN|ANP<PLUR>
kéreg,kéregéi,1,NOUN|ANP<PLUR>
akt,aktéi,3,NOUN|ANP<PLUR>
haza,hazáéi,2,NOUN|ANP<PLUR>
sark,sarkéi,5,NOUN|ANP<PLUR>
havaim,hóiméi,2,NOUN|PLUR|POSS<1>|ANP<PLUR>
marsi,marsiéi,12,ADJ|ANP<PLUR>
perec,perecéi,1,NOUN|ANP<PLUR>
hitves,hitveséi,1,NOUN|ANP<PLUR>
kendere,kenderééi,1,NOUN|POSS|ANP<PLUR>
díszítmény,díszítményéi,1,NOUN|ANP<PLUR>
vízimalmok,vízimalmokéi,1,NOUN|PLUR|ANP<PLUR>
ali,aliéi,3,NOUN[MET_ATTRIB]|ADJ|ANP<PLUR>
harang,harangéi,1,NOUN|ANP<PLUR>
gyomor,gyomoréi,8,NOUN|ANP<PLUR>
farizeusok,farizeusokéi,2,ADJ|PLUR|ANP<PLUR>
makk,makkéi,1,NOUN|ANP<PLUR>
évii,éviiéi,4,ADJ|PLUR|POSS|ANP<PLUR>
tők,tövekéi,1,NOUN|PLUR|ANP<PLUR>
alt,altéi,2,NOUN|ANP<PLUR>
különb,különbéi,8,ADJ|ANP<PLUR>
részletezés,részletezéséi,3,NOUN|ANP<PLUR>
geszt,gesztéi,1,NOUN|ANP<PLUR>
maga,magáéi,30,NOUN|ANP<PLUR>
ellenségünk,ellenségünkéi,2,NOUN|POSS<1><PLUR>|ANP<PLUR>
fik,fiúkéi,2,NOUN|PLUR|ANP<PLUR>
galilei,galileiéi,1,NOUN[MET_ATTRIB]|ADJ|ANP<PLUR>
birtokos,birtokoséi,3,ADJ|ANP<PLUR>
fiam,fiúméi,11,NOUN|POSS<1>|ANP<PLUR>
emez,emezéi,4,NOUN|ANP<PLUR>
natúr,natúréi,3,NOUN|ANP<PLUR>
mancs,mancséi,1,NOUN|ANP<PLUR>
élű,élűéi,1,NOUN[INAL_ATTRIB]|ADJ|ANP<PLUR>
satu,satuéi,1,NOUN|ANP<PLUR>
völgy,völgyéi,1,NOUN|ANP<PLUR>
csepp,cseppéi,1,NOUN|ANP<PLUR>
csírasejt,csírasejtéi,1,NOUN|ANP<PLUR>
fedezet,fedezetéi,1,NOUN|ANP<PLUR>
ami,amiéi,18,NOUN|ANP<PLUR>
amazok,amazokéi,8,DET|PLUR|ANP<PLUR>
tömeg,tömegéi,2,NOUN|ANP<PLUR>
táncmester,táncmesteréi,1,NOUN|ANP<PLUR>
fényár,fényáréi,1,NOUN|ANP<PLUR>
ideák,ideákéi,1,NOUN|PLUR|ANP<PLUR>
szabados,szabadoséi,4,ADJ|ANP<PLUR>
sati,satiéi,1,NOUN[MET_ATTRIB]|ADJ|ANP<PLUR>
testünk,testünkéi,1,NOUN|POSS<1><PLUR>|ANP<PLUR>
rajongó,rajongóéi,3,NOUN|ANP<PLUR>
stúdió,stúdióéi,1,NOUN|ANP<PLUR>
kerek,kerekéi,2,NOUN|ANP<PLUR>
érzékenység,érzékenységéi,4,NOUN|ANP<PLUR>
tál,táléi,2,NOUN|ANP<PLUR>
évi,éviéi,3,ADJ|ANP<PLUR>
keret,keretéi,3,NOUN|ANP<PLUR>
üdvözlői,üdvözlőiéi,4,NOUN[MET_ATTRIB]|ADJ|ANP<PLUR>
táp,tápéi,51,NOUN|ANP<PLUR>
méltó,méltóéi,1,ADJ|ANP<PLUR>
tár,táréi,2,NOUN|ANP<PLUR>
alapelv,alapelvéi,1,NOUN|ANP<PLUR>
társ,társéi,1,NOUN|ANP<PLUR>
nehezebb,nehezebbéi,1,ADJ[COMPAR]|ADJ|ANP<PLUR>
tanulók,tanulókéi,2,NOUN|PLUR|ANP<PLUR>
házatok,házatokéi,1,NOUN|POSS<2><PLUR>|ANP<PLUR>
rege,regééi,2,NOUN|ANP<PLUR>
üzletember,üzletemberéi,1,NOUN|ANP<PLUR>
mami,mamiéi,4,NOUN|ANP<PLUR>
sokk,sokkéi,1,NOUN|ANP<PLUR>
szalon,szalonéi,2,NOUN|ANP<PLUR>
faj,fajéi,3,NOUN|ANP<PLUR>
születés,születéséi,3,NOUN|ANP<PLUR>
fal,faléi,2,NOUN|ANP<PLUR>
emlékezet,emlékezetéi,2,NOUN|ANP<PLUR>
föld,földéi,3,NOUN|ANP<PLUR>
fajok,fajokéi,4,NOUN|PLUR|ANP<PLUR>
bábjáték,bábjátékéi,1,NOUN|ANP<PLUR>
nyak,nyakéi,3,NOUN|ANP<PLUR>
üzemképesség,üzemképességéi,1,ADJ[ABSTRACT]|NOUN|ANP<PLUR>
személyiség,személyiségéi,4,NOUN|ANP<PLUR>
tengely,tengelyéi,1,NOUN|ANP<PLUR>
egybekelés,egybekeléséi,3,NOUN|ANP<PLUR>
házaid,házaidéi,1,NOUN|PLUR|POSS<2>|ANP<PLUR>
leid,leidéi,2,NOUN|POSS<2>|ANP<PLUR>
ériek,ériekéi,3,NOUN[MET_ATTRIB]|ADJ|PLUR|ANP<PLUR>
házaik,házaikéi,1,NOUN|PLUR|POSS<PLUR>|ANP<PLUR>
szépségű,szépségűéi,3,ADJ|ANP<PLUR>
goromba,gorombáéi,2,NOUN|ANP<PLUR>
házaim,házaiméi,1,NOUN|PLUR|POSS<1>|ANP<PLUR>
bölcs,bölcséi,4,NOUN|ANP<PLUR>
gajd,gajdéi,1,NOUN|ANP<PLUR>
presbiter,presbiteréi,1,NOUN|ANP<PLUR>
hangszer,hangszeréi,2,NOUN|ANP<PLUR>
pásztor,pásztoréi,3,NOUN|ANP<PLUR>
zeném,zenéméi,2,ADJ|POSS<1>|ANP<PLUR>
atyja,atyjáéi,1,NOUN|POSS|ANP<PLUR>
sut,sutéi,1,NOUN|ANP<PLUR>
székek,székekéi,1,NOUN|PLUR|ANP<PLUR>
magános,magánoséi,3,NOUN|ANP<PLUR>
rend,rendéi,25,NOUN|ANP<PLUR>
tisztek,tisztekéi,1,NOUN|PLUR|ANP<PLUR>
környék,környékéi,4,NOUN|ANP<PLUR>
megjelenés,megjelenéséi,9,NOUN|ANP<PLUR>
szövetséges,szövetségeséi,3,ADJ|ANP<PLUR>
közeli,közeliéi,2,ADJ|ANP<PLUR>
kár,káréi,2,NOUN|ANP<PLUR>
férfi,férfiéi,1,NOUN|ANP<PLUR>
segítsége,segítségééi,1,NOUN|POSS|ANP<PLUR>
sértegetés,sértegetéséi,1,VERB[GERUND]|NOUN|ANP<PLUR>
költségű,költségűéi,1,NOUN[INAL_ATTRIB]|ADJ|ANP<PLUR>
németek,németekéi,10,ADJ|PLUR|ANP<PLUR>
fűtőérték,fűtőértékéi,1,NOUN|ANP<PLUR>
hajdúk,hajdúkéi,1,NOUN|PLUR|ANP<PLUR>
felvétel,felvételéi,1,NOUN|ANP<PLUR>
mari,mariéi,10,ADJ|ANP<PLUR>
elgázolása,elgázolásáéi,3,VERB[GERUND]|NOUN|POSS|ANP<PLUR>
bűnei,bűneiéi,1,NOUN|PLUR|POSS|ANP<PLUR>
helyi,helyiéi,4,NOUN|ANP<PLUR>
következőek,következőkéi,9,ADJ|PLUR|ANP<PLUR>
főnök,főnökéi,2,NOUN|PLUR|ANP<PLUR>
bori,boriéi,12,NOUN[MET_ATTRIB]|ADJ|ANP<PLUR>
szárny,szárnyéi,1,NOUN|ANP<PLUR>
győztes,győzteséi,2,ADJ|ANP<PLUR>
arc,arcéi,7,NOUN|ANP<PLUR>
régiek,régiekéi,3,NOUN|PLUR|ANP<PLUR>
ari,ariéi,4,NOUN[MET_ATTRIB]|ADJ|ANP<PLUR>
tündém,tündéméi,3,ADJ|POSS<1>|ANP<PLUR>
tevékenységük,tevékenységükéi,4,NOUN|POSS<PLUR>|ANP<PLUR>
dajkáik,dajkáikéi,1,NOUN|PLUR|POSS<PLUR>|ANP<PLUR>
tündér,tündéréi,1,NOUN|ANP<PLUR>
mart,martéi,10,NOUN|ANP<PLUR>
eleink,eleinkéi,1,NOUN|POSS<1><PLUR>|ANP<PLUR>
város,városéi,4,NOUN|ANP<PLUR>
törvény,törvényéi,4,NOUN|ANP<PLUR>
skalp,skalpéi,1,NOUN|ANP<PLUR>
lakóhely,lakóhelyéi,1,NOUN|ANP<PLUR>
kíséret,kíséretéi,2,NOUN|ANP<PLUR>
leim,leiméi,10,NOUN|POSS<1>|ANP<PLUR>
leik,leikéi,18,NOUN|PLUR|ANP<PLUR>
zsilip,zsilipéi,3,NOUN|ANP<PLUR>
elmék,elmékéi,2,NOUN|PLUR|ANP<PLUR>
elméi,elméiéi,2,NOUN|PLUR|POSS|ANP<PLUR>
báb,bábéi,2,NOUN|ANP<PLUR>
elméd,elmédéi,1,NOUN|POSS<2>|ANP<PLUR>
átmenet,átmenetéi,1,NOUN|ANP<PLUR>
fej,fejéi,10,NOUN|ANP<PLUR>
elmém,elméméi,1,NOUN|POSS<1>|ANP<PLUR>
szamár,szamáréi,2,NOUN|ANP<PLUR>
bán,bánéi,2,NOUN|ANP<PLUR>
bár,báréi,8,NOUN|ANP<PLUR>
térfogatúak,térfogatúakéi,1,NOUN[INAL_ATTRIB]|ADJ|PLUR|ANP<PLUR>
matt,mattéi,12,NOUN|ANP<PLUR>
dunaiak,dunaiakéi,1,NOUN[MET_ATTRIB]|ADJ|PLUR|ANP<PLUR>
gang,gangéi,3,NOUN|ANP<PLUR>
rest,restéi,18,NOUN|ANP<PLUR>
csapatok,csapatokéi,1,NOUN|PLUR|ANP<PLUR>
tehetségesek,tehetségesekéi,2,ADJ|PLUR|ANP<PLUR>
fez,fezéi,2,NOUN|ANP<PLUR>
összeillesztés,összeillesztéséi,3,NOUN|ANP<PLUR>
tiszt,tisztéi,3,NOUN|ANP<PLUR>
nyelvünk,nyelvünkéi,3,NOUN|POSS<1><PLUR>|ANP<PLUR>
üldözött,üldözöttéi,6,ADJ|ANP<PLUR>
telep,telepéi,1,NOUN|ANP<PLUR>
távoli,távoliéi,3,ADJ|ANP<PLUR>
shilling,shillingéi,1,NOUN|ANP<PLUR>
élelem,éleleméi,1,NOUN|ANP<PLUR>
rabi,rabiéi,6,NOUN[MET_ATTRIB]|ADJ|ANP<PLUR>
ismeretlen,ismeretlenéi,3,NOUN|ANP<PLUR>
deliktum,deliktuméi,1,NOUN|ANP<PLUR>
ildi,ildiéi,1,NOUN[MET_ATTRIB]|ADJ|ANP<PLUR>
kocsi,kocsiéi,3,NOUN|ANP<PLUR>
sanyargatás,sanyargatáséi,2,NOUN|ANP<PLUR>
tanácsnokok,tanácsnokokéi,1,NOUN|PLUR|ANP<PLUR>
lékei,lékeiéi,1,NOUN|PLUR|POSS|ANP<PLUR>
telem,teleméi,5,NOUN|POSS<1>|ANP<PLUR>
fölfedezés,fölfedezéséi,1,VERB[GERUND]|NOUN|ANP<PLUR>
taraj,tarajéi,1,NOUN|ANP<PLUR>
megyék,megyékéi,2,NOUN|PLUR|ANP<PLUR>
királyné,királynééi,2,NOUN|ANP<PLUR>
iráni,irániéi,2,ADJ|ANP<PLUR>
fór,fóréi,1,NOUN|ANP<PLUR>
demokrácia,demokráciáéi,1,NOUN|ANP<PLUR>
kijelentés,kijelentéséi,6,NOUN|ANP<PLUR>
táncest,táncestéi,1,NOUN|ANP<PLUR>
ízűi,ízűiéi,4,ADJ|PLUR|POSS|ANP<PLUR>
páratlanok,páratlanokéi,3,NOUN|PLUR|ANP<PLUR>
irány,irányéi,1,NOUN|ANP<PLUR>
szerdahelyi,szerdahelyiéi,2,NOUN[MET_ATTRIB]|ADJ|ANP<PLUR>
vakmerőség,vakmerőségéi,2,NOUN|ANP<PLUR>
pénzváltók,pénzváltókéi,2,NOUN|PLUR|ANP<PLUR>
latlan,latlanéi,1,NOUN[NEG_ATTRIB]|ADJ|ANP<PLUR>
szemeink,szemeinkéi,2,NOUN|PLUR|POSS<1><PLUR>|ANP<PLUR>
kegyeim,kegyeiméi,1,NOUN|PLUR|POSS<1>|ANP<PLUR>
kísérleteim,kísérleteiméi,1,NOUN|PLUR|POSS<1>|ANP<PLUR>
költség,költségéi,1,NOUN|ANP<PLUR>
betűnagyság,betűnagyságéi,1,NOUN|ANP<PLUR>
kreáció,kreációéi,1,NOUN|ANP<PLUR>
közösségek,közösségekéi,4,NOUN|PLUR|ANP<PLUR>
tél,téléi,4,NOUN|ANP<PLUR>
hadműveletek,hadműveletekéi,1,NOUN|PLUR|ANP<PLUR>
franc,francéi,1,NOUN|ANP<PLUR>
csíkiek,csíkiakéi,3,NOUN[MET_ATTRIB]|ADJ|PLUR|ANP<PLUR>
fekvés,fekvéséi,2,NOUN|ANP<PLUR>
kedve,kedvééi,1,NOUN|POSS|ANP<PLUR>
tér,téréi,12,NOUN|ANP<PLUR>
kérdőm,kérdőméi,3,ADJ|POSS<1>|ANP<PLUR>
kaszt,kasztéi,1,NOUN|ANP<PLUR>
tét,tétéi,7,NOUN|ANP<PLUR>
csépi,csépiéi,3,NOUN[MET_ATTRIB]|ADJ|ANP<PLUR>
frank,frankéi,24,NOUN|ANP<PLUR>
bűn,bűnéi,2,NOUN|ANP<PLUR>
mesterségük,mesterségükéi,1,NOUN|POSS<PLUR>|ANP<PLUR>
nagyságod,nagyságodéi,2,NOUN|POSS<2>|ANP<PLUR>
kedvünk,kedvünkéi,1,NOUN|POSS<1><PLUR>|ANP<PLUR>
bűz,bűzéi,1,NOUN|ANP<PLUR>
lehetőségek,lehetőségekéi,2,NOUN|PLUR|ANP<PLUR>
beteg,betegéi,2,NOUN|ANP<PLUR>
nagyságok,nagyságokéi,2,NOUN|PLUR|ANP<PLUR>
grund,grundéi,5,NOUN|ANP<PLUR>
farkas,farkaséi,6,NOUN|ANP<PLUR>
mestered,mesteredéi,1,NOUN|POSS<2>|ANP<PLUR>
hugenották,hugenottákéi,1,ADJ|PLUR|ANP<PLUR>
vásár,vásáréi,1,NOUN|ANP<PLUR>
hagyott,hagyottéi,2,ADJ|ANP<PLUR>
dicsérés,dicséréséi,1,VERB[GERUND]|NOUN|ANP<PLUR>
kímélés,kíméléséi,1,VERB[GERUND]|NOUN|ANP<PLUR>
rendszerűek,rendszerűekéi,1,NOUN[INAL_ATTRIB]|ADJ|PLUR|ANP<PLUR>
bűnöd,bűnödéi,1,NOUN|POSS<2>|ANP<PLUR>
fis,fiséi,3,NOUN[MET_ATTRIB]|ADJ[ATTRIB]|ADJ|ANP<PLUR>
kegyed,kegyedéi,2,NOUN|POSS<2>|ANP<PLUR>
leni,leniéi,3,NOUN[MET_ATTRIB]|ADJ|ANP<PLUR>
pénzügy,pénzügyéi,2,NOUN|ANP<PLUR>
személyis,személyiséi,3,NOUN[MET_ATTRIB]|ADJ[ATTRIB]|ADJ|ANP<PLUR>
patikám,patikáméi,1,NOUN|POSS<1>|ANP<PLUR>
osztályok,osztályokéi,1,NOUN|PLUR|ANP<PLUR>
gazda,gazdáéi,1,NOUN|ANP<PLUR>
bizonyság,bizonyságéi,1,NOUN|ANP<PLUR>
teliek,telikéi,6,ADJ|PLUR|ANP<PLUR>
eres,ereséi,2,ADJ|ANP<PLUR>
jelen,jelenéi,2,ADJ|ANP<PLUR>
jelek,jelekéi,2,NOUN|PLUR|ANP<PLUR>
ismeret,ismeretéi,4,NOUN|ANP<PLUR>
költött,költöttéi,10,ADJ|ANP<PLUR>
remek,remekéi,4,ADJ|ANP<PLUR>
szellem,szelleméi,4,NOUN|ANP<PLUR>
jókai,jókaiéi,1,NOUN[MET_ATTRIB]|ADJ|ANP<PLUR>
ólad,ólodéi,1,NOUN|POSS<2>|ANP<PLUR>
testvéred,testvéredéi,1,NOUN|POSS<2>|ANP<PLUR>
érem,ereméi,1,NOUN|POSS<1>|ANP<PLUR>
galambom,galamboméi,1,NOUN|POSS<1>|ANP<PLUR>
honosink,honosinkéi,3,NOUN[MET_ATTRIB]|ADJ|POSS<1><PLUR>|ANP<PLUR>
szökdécselés,szökdécseléséi,1,VERB[GERUND]|NOUN|ANP<PLUR>
termékenyítés,termékenyítéséi,3,NOUN|ANP<PLUR>
kéj,kéjéi,1,NOUN|ANP<PLUR>
arany,aranyéi,6,NOUN|ANP<PLUR>
kén,kénéi,1,NOUN|ANP<PLUR>
kém,kéméi,4,NOUN|ANP<PLUR>
kép,képéi,5,NOUN|ANP<PLUR>
imperializmus,imperializmuséi,1,NOUN|ANP<PLUR>
ulti,ultiéi,1,NOUN|ANP<PLUR>
újságok,újságokéi,2,NOUN|PLUR|ANP<PLUR>
kabarok,kabarokéi,1,ADJ|PLUR|ANP<PLUR>
napszámos,napszámoséi,2,NOUN|ANP<PLUR>
kettő,kétéi,1,NUM|ANP<PLUR>
kálóm,kálóméi,2,NOUN|POSS<1>|ANP<PLUR>
szászok,szászokéi,6,ADJ|PLUR|ANP<PLUR>
növendékek,növendékekéi,1,NOUN|PLUR|ANP<PLUR>
seregek,seregekéi,1,NOUN|PLUR|ANP<PLUR>
betelepedés,betelepedéséi,2,VERB[GERUND]|NOUN|ANP<PLUR>
kéz,kézéi,2,NOUN|ANP<PLUR>
közepe,közepééi,1,NOUN|POSS|ANP<PLUR>
jelenlét,jelenlétéi,3,NOUN|ANP<PLUR>
szőr,szőréi,1,NOUN|ANP<PLUR>
mindegyik,mindegyikéi,2,ADJ|ANP<PLUR>
erei,ereiéi,2,NOUN|PLUR|POSS|ANP<PLUR>
látogató,látogatóéi,2,NOUN|ANP<PLUR>
ügy,ügyéi,9,NOUN|ANP<PLUR>
éred,eredéi,4,NOUN|POSS<2>|ANP<PLUR>
láncszem,láncszeméi,1,NOUN|ANP<PLUR>
hitelesítés,hitelesítéséi,3,VERB[GERUND]|NOUN|ANP<PLUR>
sort,sortéi,2,NOUN|ANP<PLUR>
szeretett,szeretettéi,3,NOUN|ANP<PLUR>
heved,hevedéi,2,NOUN|POSS<2>|ANP<PLUR>
fölvétel,fölvételéi,1,NOUN|ANP<PLUR>
hélium,héliuméi,1,NOUN|ANP<PLUR>
kinevezés,kinevezéséi,4,NOUN|ANP<PLUR>
tevékenység,tevékenységéi,4,NOUN|ANP<PLUR>
fegyvereim,fegyvereiméi,1,NOUN|PLUR|POSS<1>|ANP<PLUR>
mélyed,mélyedéi,2,NOUN|POSS<2>|ANP<PLUR>
előítélet,előítéletéi,1,NOUN|ANP<PLUR>
históriái,históriáiéi,1,NOUN|PLUR|POSS|ANP<PLUR>
énekük,énekükéi,1,NOUN|POSS<PLUR>|ANP<PLUR>
dandár,dandáréi,5,NOUN|ANP<PLUR>
rendkívüli,rendkívüliéi,2,ADJ|ANP<PLUR>
bőkezűség,bőkezűségéi,2,NOUN|ANP<PLUR>
évfolyam,évfolyaméi,1,NOUN|ANP<PLUR>
laci,laciéi,4,NOUN[MET_ATTRIB]|ADJ|ANP<PLUR>
tag,tagéi,1,NOUN|ANP<PLUR>
tan,tanéi,1,NOUN|ANP<PLUR>
mellvéd,mellvédéi,1,NOUN|ANP<PLUR>
tar,taréi,1,NOUN|ANP<PLUR>
fia,fiáéi,9,NOUN|POSS|ANP<PLUR>
bátyám,bátyáméi,1,NOUN|POSS<1>|ANP<PLUR>
kasza,kaszáéi,1,NOUN|ANP<PLUR>
spanyol,spanyoléi,2,ADJ|ANP<PLUR>
ilii,iliiéi,4,NOUN[MET_ATTRIB]|ADJ|PLUR|POSS|ANP<PLUR>
elkerülés,elkerüléséi,3,NOUN|ANP<PLUR>
bék,békéi,14,NOUN|PLUR|ANP<PLUR>
bél,béléi,1,NOUN|ANP<PLUR>
rákok,rákokéi,1,NOUN|PLUR|ANP<PLUR>
elsők,elsőkéi,2,NOUN|PLUR|ANP<PLUR>
jövedelem,jövedeleméi,2,NOUN|ANP<PLUR>
jövevények,jövevényekéi,1,NOUN|PLUR|ANP<PLUR>
patak,patakéi,2,NOUN|ANP<PLUR>
lépés,lépéséi,2,NOUN|ANP<PLUR>
elnevezés,elnevezéséi,4,NOUN|ANP<PLUR>
urasa,urasáéi,2,ADJ|POSS|ANP<PLUR>
tüzérosztály,tüzérosztályéi,1,NOUN|ANP<PLUR>
mércéik,mércéikéi,1,NOUN|PLUR|POSS<PLUR>|ANP<PLUR>
betegek,betegekéi,2,NOUN|PLUR|ANP<PLUR>
feli,feliéi,10,NOUN[MET_ATTRIB]|ADJ|ANP<PLUR>
magyarhoni,magyarhoniéi,2,ADJ|ANP<PLUR>
léik,léikéi,2,NOUN[MET_ATTRIB]|ADJ|PLUR|ANP<PLUR>
vesztes,veszteséi,2,NOUN|ANP<PLUR>
jóisten,jóistenéi,1,NOUN|ANP<PLUR>
kénes,kéneséi,2,ADJ|ANP<PLUR>
morc,morcéi,1,ADJ|ANP<PLUR>
kihirdetés,kihirdetéséi,3,NOUN|ANP<PLUR>
izmok,izmokéi,1,NOUN|PLUR|ANP<PLUR>
betűsor,betűsoréi,1,NOUN|ANP<PLUR>
tehén,tehénéi,1,NOUN|ANP<PLUR>
kének,kénekéi,1,NOUN|PLUR|ANP<PLUR>
kín,kínéi,1,NOUN|ANP<PLUR>
alakok,alakokéi,1,NOUN|PLUR|ANP<PLUR>
mellékei,mellékeiéi,1,NOUN|PLUR|POSS|ANP<PLUR>
termés,terméséi,2,NOUN|ANP<PLUR>
kink,kinkéi,6,NOUN|POSS<1><PLUR>|ANP<PLUR>
szövetség,szövetségéi,1,NOUN|ANP<PLUR>
lényegük,lényegükéi,1,NOUN|POSS<PLUR>|ANP<PLUR>
ismérv,ismérvéi,5,NOUN|ANP<PLUR>
fog,fogéi,5,NOUN|ANP<PLUR>
ács,ácséi,2,NOUN|ANP<PLUR>
termék,termékéi,2,NOUN|ANP<PLUR>
fellépés,fellépéséi,3,NOUN|ANP<PLUR>
törvények,törvényekéi,1,NOUN|PLUR|ANP<PLUR>
lett,lettéi,4,NOUN|ANP<PLUR>
báni,bániéi,6,NOUN[MET_ATTRIB]|ADJ|ANP<PLUR>
könyvek,könyvekéi,2,NOUN|PLUR|ANP<PLUR>
kai,kaiéi,1,NOUN[MET_ATTRIB]|ADJ|ANP<PLUR>
fül,füléi,1,NOUN|ANP<PLUR>
dávid,dávidéi,2,NOUN[MET_ATTRIB]|ADJ|POSS<2>|ANP<PLUR>
egyszeri,egyszeriéi,1,NUM[ITER_ATTRIB]|ADJ|ANP<PLUR>
kas,kaséi,1,NOUN|ANP<PLUR>
háti,hátiéi,20,ADJ|ANP<PLUR>
kar,karéi,12,NOUN|ANP<PLUR>
rajz,rajzéi,1,NOUN|ANP<PLUR>
magánépületek,magánépületekéi,1,NOUN|PLUR|ANP<PLUR>
gerince,gerincééi,1,NOUN|POSS|ANP<PLUR>
bánat,bánatéi,1,NOUN|ANP<PLUR>
ort,ortéi,1,NOUN|ANP<PLUR>
orv,orvéi,2,NOUN|ANP<PLUR>
csoportja,csoportjáéi,1,NOUN|POSS|ANP<PLUR>
balti,baltiéi,2,ADJ|ANP<PLUR>
pénzünk,pénzünkéi,1,NOUN|POSS<1><PLUR>|ANP<PLUR>
kötél,kötéléi,1,NOUN|ANP<PLUR>
arányi,arányiéi,3,NOUN[QUANTITY]|NUM|ANP<PLUR>
hiedelmük,hiedelmükéi,1,NOUN|POSS<PLUR>|ANP<PLUR>
viszony,viszonyéi,2,NOUN|ANP<PLUR>
kérte,kértééi,1,NOUN|ANP<PLUR>
gazella,gazelláéi,1,NOUN|ANP<PLUR>
pád,pádéi,1,NOUN|POSS<2>|ANP<PLUR>
klinikák,klinikákéi,1,NOUN|PLUR|ANP<PLUR>
nagyanyám,nagyanyáméi,1,NOUN|POSS<1>|ANP<PLUR>
rang,rangéi,1,NOUN|ANP<PLUR>
megközelítés,megközelítéséi,3,NOUN|ANP<PLUR>
pák,pákéi,14,NOUN|PLUR|ANP<PLUR>
tej,tejéi,2,NOUN|ANP<PLUR>
valószínűség,valószínűségéi,2,NOUN|ANP<PLUR>
kakas,kakaséi,1,NOUN|ANP<PLUR>
halálai,halálaiéi,1,NOUN|PLUR|POSS|ANP<PLUR>
előmenetel,előmeneteléi,1,NOUN|ANP<PLUR>
török,törökéi,4,ADJ|ANP<PLUR>
pár,páréi,2,ADJ|ANP<PLUR>
lény,lényéi,2,NOUN|ANP<PLUR>
fjordok,fjordokéi,1,NOUN|PLUR|ANP<PLUR>
nyomdák,nyomdákéi,1,NOUN|PLUR|ANP<PLUR>
lelkesed,lelkesedéi,2,ADJ|POSS<2>|ANP<PLUR>
mérés,méréséi,2,NOUN|ANP<PLUR>
penészed,penészedéi,1,NOUN|POSS<2>|ANP<PLUR>
nyom,nyoméi,1,NOUN|ANP<PLUR>
bab,babéi,5,NOUN|ANP<PLUR>
adózók,adózókéi,4,NOUN|PLUR|ANP<PLUR>
félelem,féleleméi,2,NOUN|ANP<PLUR>
tód,tódéi,1,NOUN|POSS<2>|ANP<PLUR>
emberek,emberekéi,10,NOUN|PLUR|ANP<PLUR>
bak,bakéi,2,NOUN|ANP<PLUR>
szerzet,szerzetéi,1,NOUN|ANP<PLUR>
keresete,keresetééi,1,NOUN|POSS|ANP<PLUR>
erdő,erdőéi,5,NOUN|ANP<PLUR>
szervezett,szervezettéi,3,ADJ|ANP<PLUR>
baj,bajéi,1,NOUN|ANP<PLUR>
tói,tóiéi,3,NOUN[MET_ATTRIB]|ADJ|ANP<PLUR>
épület,épületéi,2,NOUN|ANP<PLUR>
rész,részéi,12,NOUN|ANP<PLUR>
dicséret,dicséretéi,1,NOUN|ANP<PLUR>
kímélet,kíméletéi,1,NOUN|ANP<PLUR>
egyetemek,egyetemekéi,1,NOUN|PLUR|ANP<PLUR>
nemzetem,nemzeteméi,1,NOUN|POSS<1>|ANP<PLUR>
auschwitzi,auschwitziéi,1,NOUN[MET_ATTRIB]|ADJ|ANP<PLUR>
vöröse,vörösééi,2,ADJ|POSS|ANP<PLUR>
penge,pengééi,2,NOUN|ANP<PLUR>
operett,operettéi,1,NOUN|ANP<PLUR>
sertés,sertéséi,21,NOUN|ANP<PLUR>
köszönetünk,köszönetünkéi,1,NOUN|POSS<1><PLUR>|ANP<PLUR>
bölcsőd,bölcsődéi,10,NOUN|POSS<2>|ANP<PLUR>
ütés,ütéséi,2,NOUN|ANP<PLUR>
történelem,történeleméi,4,NOUN|ANP<PLUR>
messiás,messiáséi,1,NOUN|ANP<PLUR>
gereben,gerebenéi,1,NOUN|ANP<PLUR>
énünk,énünkéi,1,NOUN|POSS<1><PLUR>|ANP<PLUR>
vifi,vifiéi,1,NOUN[MET_ATTRIB]|ADJ|ANP<PLUR>
sarcod,sarcodéi,1,NOUN|POSS<2>|ANP<PLUR>
létesítés,létesítéséi,9,NOUN|ANP<PLUR>
kezdet,kezdetéi,7,NOUN|ANP<PLUR>
materi,materiéi,6,NOUN[MET_ATTRIB]|ADJ|ANP<PLUR>
zsigmondi,zsigmondiéi,4,NOUN[MET_ATTRIB]|ADJ|ANP<PLUR>
szlávok,szlávokéi,2,ADJ|PLUR|ANP<PLUR>
bányám,bányáméi,1,NOUN|POSS<1>|ANP<PLUR>
szereplés,szerepléséi,2,NOUN|ANP<PLUR>
végem,végeméi,2,NOUN|POSS<1>|ANP<PLUR>
házi,háziéi,5,NOUN|ANP<PLUR>
kabar,kabaréi,3,ADJ|ANP<PLUR>
dicsőség,dicsőségéi,4,NOUN|ANP<PLUR>
németi,németiéi,9,NOUN[MET_ATTRIB]|ADJ|ANP<PLUR>
frankok,frankokéi,4,NOUN|PLUR|ANP<PLUR>
rock,rockéi,1,NOUN|ANP<PLUR>
heréi,heréiéi,1,NOUN|PLUR|POSS|ANP<PLUR>
felebarátod,felebarátodéi,1,NOUN|POSS<2>|ANP<PLUR>
elválasztások,elválasztásokéi,3,NOUN|PLUR|ANP<PLUR>
gáz,gázéi,1,NOUN|ANP<PLUR>
növekedési,növekedésiéi,4,ADJ|ANP<PLUR>
közjog,közjogéi,1,NOUN|ANP<PLUR>
letérés,letéréséi,2,VERB[GERUND]|NOUN|ANP<PLUR>
osztály,osztályéi,4,NOUN|ANP<PLUR>
testrész,testrészéi,1,NOUN|ANP<PLUR>
lutheránusok,lutheránusokéi,2,NOUN|PLUR|ANP<PLUR>
feri,feriéi,1,NOUN[MET_ATTRIB]|ADJ|ANP<PLUR>
növendék,növendékéi,2,NOUN|ANP<PLUR>
ízem,ízeméi,2,NOUN|POSS<1>|ANP<PLUR>
prelátusok,prelátusokéi,1,NOUN|PLUR|ANP<PLUR>
hivatalnok,hivatalnokéi,1,NOUN|ANP<PLUR>
kitérés,kitéréséi,3,NOUN|ANP<PLUR>
keresztünk,keresztünkéi,1,NOUN|POSS<1><PLUR>|ANP<PLUR>
időnk,időnkéi,1,NOUN|POSS<1><PLUR>|ANP<PLUR>
te,tieid,22,NOUN|PERS<2>|ANP<PLUR>
keresztnevek,keresztnevekéi,1,NOUN|PLUR|ANP<PLUR>
fejű,fejűéi,2,ADJ|ANP<PLUR>
nevelés,neveléséi,3,NOUN|ANP<PLUR>
románca,románcáéi,1,NOUN|POSS|ANP<PLUR>
macska,macskáéi,4,NOUN|ANP<PLUR>
tervei,terveiéi,1,NOUN|PLUR|POSS|ANP<PLUR>
tök,tökéi,10,NOUN|ANP<PLUR>
halott,halottéi,2,NOUN|ANP<PLUR>
sorsa,sorsáéi,1,NOUN|POSS|ANP<PLUR>
lehetői,lehetőiéi,3,NOUN[MET_ATTRIB]|ADJ|ANP<PLUR>
származás,származáséi,2,NOUN|ANP<PLUR>
spontán,spontánéi,1,ADJ|ANP<PLUR>
vadak,vadakéi,2,NOUN|PLUR|ANP<PLUR>
bestéd,bestédéi,1,ADJ|POSS<2>|ANP<PLUR>
védők,védőkéi,2,NOUN|PLUR|ANP<PLUR>
rendeleti,rendeletiéi,4,ADJ|ANP<PLUR>
baskírok,baskírokéi,2,NOUN|PLUR|ANP<PLUR>
évfolyamok,évfolyamokéi,1,NOUN|PLUR|ANP<PLUR>
diák,diákéi,3,NOUN|PLUR|ANP<PLUR>
teteme,tetemééi,1,NOUN|POSS|ANP<PLUR>
kifejlet,kifejletéi,1,NOUN|ANP<PLUR>
ihletés,ihletéséi,3,NOUN|ANP<PLUR>
csilla,csilláéi,1,NOUN|ANP<PLUR>
élettörténet,élettörténetéi,1,NOUN|ANP<PLUR>
kivitel,kiviteléi,2,NOUN|ANP<PLUR>
ajtó,ajtóéi,1,NOUN|ANP<PLUR>
bérösszegek,bérösszegekéi,1,NOUN|PLUR|ANP<PLUR>
bel,beléi,1,NOUN|ANP<PLUR>
apostoli,apostoliéi,24,ADJ|ANP<PLUR>
rendszerezés,rendszerezéséi,3,NOUN|ANP<PLUR>
osztálybeli,osztálybeliéi,2,NOUN[LOC_INE]|ADJ|ANP<PLUR>
háttér,háttéréi,1,NOUN|ANP<PLUR>
egyház,egyházéi,4,NOUN|ANP<PLUR>
elfogó,elfogóéi,2,VERB[IMPERF_PART]|ADJ|ANP<PLUR>
szövetsége,szövetségééi,1,NOUN|POSS|ANP<PLUR>
hajnal,hajnaléi,19,NOUN|ANP<PLUR>
piac,piacéi,1,NOUN|ANP<PLUR>
stop,stopéi,1,NOUN|ANP<PLUR>
gondolkodó,gondolkodóéi,3,NOUN|ANP<PLUR>
császár,császáréi,3,NOUN|ANP<PLUR>
nemzetias,nemzetiséi,2,NOUN[MET_ATTRIB]|ADJ[ATTRIB]|ADJ|ANP<PLUR>
nádor,nádoréi,1,NOUN|ANP<PLUR>
termei,termeiéi,1,NOUN|PLUR|POSS|ANP<PLUR>
készítés,készítéséi,3,NOUN|ANP<PLUR>
tiszteleti,tiszteletiéi,2,ADJ|ANP<PLUR>
szökőkutak,szökőkutakéi,1,NOUN|PLUR|ANP<PLUR>
kid,kidéi,12,NOUN|POSS<2>|ANP<PLUR>
fény,fényéi,3,NOUN|ANP<PLUR>
nagynénik,nagynénikéi,6,NOUN|PLUR|ANP<PLUR>
emelés,emeléséi,2,NOUN|ANP<PLUR>
kik,kikéi,14,NOUN|PLUR|ANP<PLUR>
köd,ködéi,3,NOUN|ANP<PLUR>
kim,kiméi,18,NOUN|POSS<1>|ANP<PLUR>
szájad,szájadéi,1,NOUN|POSS<2>|ANP<PLUR>
kis,kiséi,6,ADJ|ANP<PLUR>
fagy,fagyéi,1,NOUN|ANP<PLUR>
szöveg,szövegéi,3,NOUN|ANP<PLUR>
kör,köréi,4,NOUN|ANP<PLUR>
léged,legedéi,1,NOUN|POSS<2>|ANP<PLUR>
legei,legeiéi,1,NOUN|PLUR|POSS|ANP<PLUR>
áll,álléi,1,NOUN|ANP<PLUR>
elvégzés,elvégzéséi,3,NOUN|ANP<PLUR>
kötet,kötetéi,3,NOUN|ANP<PLUR>
köz,közéi,34,ADJ|ANP<PLUR>
közemberek,közemberekéi,1,NOUN|PLUR|ANP<PLUR>
építőm,építőméi,4,ADJ|POSS<1>|ANP<PLUR>
kedv,kedvéi,4,NOUN|ANP<PLUR>
költségvetés,költségvetéséi,1,NOUN|ANP<PLUR>
igazságok,igazságokéi,2,NOUN|PLUR|ANP<PLUR>
deákok,deákokéi,2,NOUN|PLUR|ANP<PLUR>
birtokosak,birtokosokéi,3,ADJ|PLUR|ANP<PLUR>
követelés,követeléséi,3,NOUN|ANP<PLUR>
minisztériumi,minisztériumiéi,3,ADJ|ANP<PLUR>
sztepp,szteppéi,1,NOUN|ANP<PLUR>
kortársak,kortársakéi,1,NOUN|PLUR|ANP<PLUR>
levő,levőéi,2,NOUN|ANP<PLUR>
pék,pékéi,1,NOUN|ANP<PLUR>
periódusok,periódusokéi,1,NOUN|PLUR|ANP<PLUR>
egyházmegye,egyházmegyééi,1,NOUN|ANP<PLUR>
keresztyén,keresztyénéi,2,NOUN|ANP<PLUR>
ünnep,ünnepéi,3,NOUN|ANP<PLUR>
görögök,görögökéi,8,ADJ|PLUR|ANP<PLUR>
betörés,betöréséi,5,NOUN|ANP<PLUR>
túr,túréi,3,NOUN|ANP<PLUR>
tevék,tevékéi,2,NOUN|PLUR|ANP<PLUR>
birtoka,birtokáéi,1,NOUN|POSS|ANP<PLUR>
struccok,struccokéi,1,NOUN|PLUR|ANP<PLUR>
sétatér,sétatéréi,1,NOUN|ANP<PLUR>
érthetőség,érthetőségéi,3,NOUN|ANP<PLUR>
kegy,kegyéi,3,NOUN|ANP<PLUR>
szélesség,szélességéi,3,NOUN|ANP<PLUR>
ének,énekéi,6,NOUN|PLUR|ANP<PLUR>
békesség,békességéi,1,NOUN|ANP<PLUR>
egyetem,egyeteméi,1,NOUN|ANP<PLUR>
ernyők,ernyőkéi,2,NOUN|PLUR|ANP<PLUR>
bim,biméi,1,NOUN[MET_ATTRIB]|ADJ|POSS<1>|ANP<PLUR>
méretezése,méretezésééi,2,VERB[GERUND]|NOUN|POSS|ANP<PLUR>
hajfürt,hajfürtéi,1,NOUN|ANP<PLUR>
méret,méretéi,2,NOUN|ANP<PLUR>
megjegyzés,megjegyzéséi,6,NOUN|ANP<PLUR>
bit,bitéi,1,NOUN|ANP<PLUR>
feltehető,feltehetőéi,3,ADJ|ANP<PLUR>
malasztja,malasztjáéi,1,NOUN|POSS|ANP<PLUR>
szabályzatai,szabályzataiéi,1,NOUN|PLUR|POSS|ANP<PLUR>
kondritok,kondritokéi,1,NOUN[MET_ATTRIB]|ADJ|POSS<2><PLUR>|ANP<PLUR>
szobrok,szobrokéi,1,NOUN|PLUR|ANP<PLUR>
móri,móriéi,3,NOUN[MET_ATTRIB]|ADJ|ANP<PLUR>
hasonlók,hasonlókéi,6,NOUN|PLUR|ANP<PLUR>
kincstár,kincstáréi,3,NOUN|ANP<PLUR>
újságíró,újságíróéi,1,NOUN|ANP<PLUR>
tok,tokéi,4,NOUN|ANP<PLUR>
tévéd,tévédéi,1,NOUN|POSS<2>|ANP<PLUR>
géb,gébéi,1,NOUN|ANP<PLUR>
csöngői,csöngőiéi,1,VERB[IMPERF_PART]|ADJ|PLUR|POSS|ANP<PLUR>
vili,viliéi,3,NOUN[MET_ATTRIB]|ADJ|ANP<PLUR>
terjedői,terjedőiéi,3,NOUN[MET_ATTRIB]|ADJ|ANP<PLUR>
majom,majoméi,1,NOUN|ANP<PLUR>
szerzetesek,szerzetesekéi,2,NOUN|PLUR|ANP<PLUR>
gél,géléi,17,NOUN|ANP<PLUR>
gén,généi,1,NOUN|ANP<PLUR>
földbirtokos,földbirtokoséi,2,NOUN|ANP<PLUR>
ütem,üteméi,1,NOUN|ANP<PLUR>
elintézés,elintézéséi,3,NOUN|ANP<PLUR>
szerényi,szerényiéi,2,NOUN[MET_ATTRIB]|ADJ|ANP<PLUR>
fali,faliéi,3,ADJ|ANP<PLUR>
fiatalember,fiatalemberéi,1,NOUN|ANP<PLUR>
együttes,együtteséi,2,NOUN|ANP<PLUR>
gyalog,gyalogéi,1,NOUN|ANP<PLUR>
szila,sziláéi,1,NOUN|ANP<PLUR>
kőfal,kőfaléi,1,NOUN|ANP<PLUR>
major,majoréi,2,NOUN|ANP<PLUR>
ősök,ősökéi,1,NOUN|PLUR|ANP<PLUR>
tükörkép,tükörképéi,1,NOUN|ANP<PLUR>
fölmérés,fölméréséi,1,VERB[GERUND]|NOUN|ANP<PLUR>
kegyelmed,kegyelmedéi,1,NOUN|POSS<2>|ANP<PLUR>
szentély,szentélyéi,2,NOUN|ANP<PLUR>
legénység,legénységéi,1,NOUN|ANP<PLUR>
férj,férjéi,2,NOUN|ANP<PLUR>
diplomások,diplomásokéi,3,NOUN|PLUR|ANP<PLUR>
románok,románokéi,2,ADJ|PLUR|ANP<PLUR>
inasok,inasokéi,3,ADJ|PLUR|ANP<PLUR>
ablak,ablakéi,1,NOUN|ANP<PLUR>
előtét,előtétéi,5,NOUN|ANP<PLUR>
nagyi,nagyiéi,4,NOUN|ANP<PLUR>
kincsek,kincsekéi,1,NOUN|PLUR|ANP<PLUR>
szint,szintéi,7,NOUN|ANP<PLUR>
hentes,henteséi,1,NOUN|ANP<PLUR>
pad,padéi,5,NOUN|ANP<PLUR>
országgyűlés,országgyűléséi,1,NOUN|ANP<PLUR>
főrend,főrendéi,6,NOUN|ANP<PLUR>
román,románéi,3,ADJ|ANP<PLUR>
esztendei,esztendeiéi,2,ADJ|ANP<PLUR>
grafikon,grafikonéi,1,NOUN|ANP<PLUR>
lati,latiéi,2,NOUN[MET_ATTRIB]|ADJ|ANP<PLUR>
romái,romáiéi,2,ADJ|PLUR|POSS|ANP<PLUR>
kos,koséi,1,NOUN|ANP<PLUR>
kor,koréi,3,NOUN|ANP<PLUR>
segítségek,segítségekéi,1,NOUN|PLUR|ANP<PLUR>
kötelességek,kötelességekéi,3,NOUN|PLUR|ANP<PLUR>
sérelmünk,sérelmünkéi,1,NOUN|POSS<1><PLUR>|ANP<PLUR>
pap,papéi,2,NOUN|ANP<PLUR>
lényeg,lényegéi,1,NOUN|ANP<PLUR>
lényed,lényedéi,1,NOUN|POSS<2>|ANP<PLUR>
frusztráció,frusztrációéi,1,NOUN|ANP<PLUR>
legjelesebb,legjelesebbéi,2,ADJ[SUPERLAT]|ADJ|ANP<PLUR>
búd,búdéi,2,NOUN|POSS<2>|ANP<PLUR>
legeim,legeiméi,1,NOUN|PLUR|POSS<1>|ANP<PLUR>
uralkodóház,uralkodóházéi,1,NOUN|ANP<PLUR>
köztér,köztéréi,1,NOUN|ANP<PLUR>
miniatűr,miniatűréi,2,ADJ|ANP<PLUR>
pejek,pejekéi,2,ADJ|PLUR|ANP<PLUR>
különóra,különóráéi,1,NOUN|ANP<PLUR>
professzor,professzoréi,1,NOUN|ANP<PLUR>
változatok,változatokéi,1,NOUN|PLUR|ANP<PLUR>
vetett,vetettéi,4,ADJ|ANP<PLUR>
falu,faluéi,1,NOUN|ANP<PLUR>
apád,apádéi,2,NOUN|POSS<2>|ANP<PLUR>
kekk,kekkéi,1,ADJ|ANP<PLUR>
jellegi,jellegiéi,2,NOUN[MET_ATTRIB]|ADJ|ANP<PLUR>
ismertje,ismertééi,2,ADJ|POSS|ANP<PLUR>
feltételezhető,feltételezhetőéi,5,ADJ|ANP<PLUR>
felség,felségéi,2,NOUN|ANP<PLUR>
elveszés,elveszéséi,1,VERB[GERUND]|NOUN|ANP<PLUR>
hatás,hatáséi,2,NOUN|ANP<PLUR>
apát,apátéi,1,NOUN|ANP<PLUR>
ász,ászéi,1,NOUN|ANP<PLUR>
ábécé,ábécééi,1,NOUN|ANP<PLUR>
asszírok,asszírokéi,2,ADJ|PLUR|ANP<PLUR>
éleim,éleiméi,2,NOUN|PLUR|POSS<1>|ANP<PLUR>
apám,apáméi,2,NOUN|POSS<1>|ANP<PLUR>
apák,apákéi,2,NOUN|PLUR|ANP<PLUR>
foglaltja,foglaltáéi,1,ADJ|POSS|ANP<PLUR>
hercegek,hercegekéi,2,NOUN|PLUR|ANP<PLUR>
esés,eséséi,4,NOUN|ANP<PLUR>
gyík,gyíkéi,1,NOUN|ANP<PLUR>
kisregény,kisregényéi,1,NOUN|ANP<PLUR>
apostol,apostoléi,2,NOUN|ANP<PLUR>
bor,boréi,3,NOUN|ANP<PLUR>
emelet,emeletéi,1,NOUN|ANP<PLUR>
angyal,angyaléi,1,NOUN|ANP<PLUR>
jótétemény,jótéteményéi,1,NOUN|ANP<PLUR>
melyek,melyekéi,12,NOUN|PLUR|ANP<PLUR>
egyetlen,egyetlenéi,2,NOUN|ANP<PLUR>
szerves,szerveséi,2,ADJ|ANP<PLUR>
meszei,meszeiéi,1,NOUN|PLUR|POSS|ANP<PLUR>
ezüst,ezüstéi,1,NOUN|ANP<PLUR>
illír,illíréi,2,ADJ|ANP<PLUR>
sokféleség,sokféleségéi,2,NOUN|ANP<PLUR>
ötszög,ötszögéi,1,NOUN|ANP<PLUR>
álmos,álmoséi,18,ADJ|ANP<PLUR>
prof,proféi,1,NOUN|ANP<PLUR>
királyi,királyiéi,4,ADJ|ANP<PLUR>
szebb,szebbéi,1,ADJ[COMPAR]|ADJ|ANP<PLUR>
áttekintés,áttekintéséi,2,VERB[GERUND]|NOUN|ANP<PLUR>
láb,lábéi,2,NOUN|ANP<PLUR>
izma,izmáéi,3,NOUN|POSS|ANP<PLUR>
szervei,szerveiéi,2,NOUN|PLUR|POSS|ANP<PLUR>
szirt,szirtéi,4,NOUN|ANP<PLUR>
halottak,halottakéi,2,NOUN|PLUR|ANP<PLUR>
spin,spinéi,21,NOUN|ANP<PLUR>
viszályok,viszályokéi,1,NOUN|PLUR|ANP<PLUR>
láp,lápéi,2,NOUN|ANP<PLUR>
per,peréi,1,NOUN|ANP<PLUR>
sárkány,sárkányéi,1,NOUN|ANP<PLUR>
ionok,ionokéi,1,NOUN|PLUR|ANP<PLUR>
fark,farkéi,1,NOUN|ANP<PLUR>
földjeitek,földeitekéi,2,NOUN|PLUR|POSS<2><PLUR>|ANP<PLUR>
kísértet,kísértetéi,1,NOUN|ANP<PLUR>
északnyugati,északnyugatiéi,2,ADJ|ANP<PLUR>
köszönet,köszönetéi,1,NOUN|ANP<PLUR>
idény,idényéi,1,NOUN|ANP<PLUR>
kormány,kormányéi,1,NOUN|ANP<PLUR>
pók,pókéi,1,NOUN|ANP<PLUR>
parlament,parlamentéi,1,NOUN|ANP<PLUR>
grófok,grófokéi,1,NOUN|PLUR|ANP<PLUR>
kutyám,kutyáméi,2,ADJ|POSS<1>|ANP<PLUR>
rost,rostéi,10,NOUN|ANP<PLUR>
jelölt,jelöltéi,2,ADJ|ANP<PLUR>
tekintet,tekintetéi,2,NOUN|ANP<PLUR>
fejed,fejedéi,7,NOUN|POSS<2>|ANP<PLUR>
szabály,szabályéi,1,NOUN|ANP<PLUR>
fejem,fejeméi,1,NOUN|POSS<1>|ANP<PLUR>
bicikli,bicikliéi,1,NOUN|ANP<PLUR>
ínség,ínségéi,1,NOUN|ANP<PLUR>
menés,menéséi,4,NOUN|ANP<PLUR>
kapitány,kapitányéi,1,NOUN|ANP<PLUR>
vitéz,vitézéi,4,ADJ|ANP<PLUR>
körű,körűéi,2,ADJ|ANP<PLUR>
kun,kunéi,2,NOUN|ANP<PLUR>
rendelkezés,rendelkezéséi,2,NOUN|ANP<PLUR>
aspektus,aspektuséi,1,NOUN|ANP<PLUR>
zsidók,zsidókéi,2,NOUN|PLUR|ANP<PLUR>
érett,érettéi,2,ADJ|ANP<PLUR>
sebed,sebedéi,2,NOUN|POSS<2>|ANP<PLUR>
tanúi,tanúiéi,3,NOUN[MET_ATTRIB]|ADJ|ANP<PLUR>
ős,őséi,2,NOUN|ANP<PLUR>
pint,pintéi,4,NOUN|ANP<PLUR>
szerettei,szeretteiéi,1,NOUN[MET_ATTRIB]|ADJ|ANP<PLUR>
őz,őzéi,2,NOUN|ANP<PLUR>
megmentés,megmentéséi,6,NOUN|ANP<PLUR>
szonett,szonettéi,2,NOUN|ANP<PLUR>
egymás,egymáséi,19,NOUN|ANP<PLUR>
fényi,fényiéi,3,NOUN[MET_ATTRIB]|ADJ|ANP<PLUR>
elkötelezett,elkötelezettéi,4,ADJ|ANP<PLUR>
állampolgárság,állampolgárságéi,1,NOUN|ANP<PLUR>
generáció,generációéi,1,NOUN|ANP<PLUR>
bányász,bányászéi,1,NOUN|ANP<PLUR>
pántlik,pántlikéi,1,NOUN[MET_ATTRIB]|ADJ|PLUR|ANP<PLUR>
illem,illeméi,2,NOUN|ANP<PLUR>
szegy,szegyéi,1,NOUN|ANP<PLUR>
lélek,lélekéi,3,NOUN|ANP<PLUR>
cselekedetünk,cselekedetünkéi,4,NOUN|POSS<1><PLUR>|ANP<PLUR>
függetlenség,függetlenségéi,3,NOUN|ANP<PLUR>
gyep,gyepéi,1,NOUN|ANP<PLUR>
gibbon,gibbonéi,1,NOUN|ANP<PLUR>
okszerűi,okszerűiéi,2,ADJ|PLUR|POSS|ANP<PLUR>
deák,deákéi,2,NOUN|ANP<PLUR>
segédcsapatok,segédcsapatokéi,2,NOUN|PLUR|ANP<PLUR>
polgárod,polgárodéi,1,NOUN|POSS<2>|ANP<PLUR>
beleegyezés,beleegyezéséi,6,NOUN|ANP<PLUR>
királyasszony,királyasszonyéi,1,NOUN|ANP<PLUR>
végezhető,végezhetőéi,3,ADJ|ANP<PLUR>
uram,uraméi,4,NOUN|POSS<1>|ANP<PLUR>
ugyanazok,ugyanazokéi,2,NOUN|PLUR|ANP<PLUR>
liszt,lisztéi,16,NOUN|ANP<PLUR>
arány,arányéi,1,NOUN|ANP<PLUR>
gór,góréi,6,ADJ|ANP<PLUR>
vezér,vezéréi,2,NOUN|ANP<PLUR>
dics,dicséi,1,NOUN|ANP<PLUR>
reformátor,reformátoréi,1,NOUN|ANP<PLUR>
kert,kertéi,2,NOUN|ANP<PLUR>
bum,buméi,1,NOUN|ANP<PLUR>
humanisták,humanistákéi,2,NOUN|PLUR|ANP<PLUR>
tisztelet,tiszteletéi,1,NOUN|ANP<PLUR>
berzsenyi,berzsenyiéi,3,NOUN[MET_ATTRIB]|ADJ|ANP<PLUR>
didi,didiéi,2,NOUN|ANP<PLUR>
úrok,urakéi,2,NOUN|PLUR|ANP<PLUR>
vadállatok,vadállatokéi,1,NOUN|PLUR|ANP<PLUR>
róka,rókáéi,1,NOUN|ANP<PLUR>
bátyja,bátyjáéi,1,NOUN|POSS|ANP<PLUR>
lelet,leletéi,1,NOUN|ANP<PLUR>
lelkület,lelkületéi,1,NOUN|ANP<PLUR>
lécek,lécekéi,1,NOUN|PLUR|ANP<PLUR>
gödör,gödöréi,1,NOUN|ANP<PLUR>
székelyek,székelyekéi,2,ADJ|PLUR|ANP<PLUR>
veik,veikéi,2,NOUN|PLUR|POSS<PLUR>|ANP<PLUR>
szájam,száméi,2,NOUN|POSS<1>|ANP<PLUR>
kötelesség,kötelességéi,9,NOUN|ANP<PLUR>
szultán,szultánéi,1,NOUN|ANP<PLUR>
eredmények,eredményekéi,2,NOUN|PLUR|ANP<PLUR>
alapvetés,alapvetéséi,1,NOUN|ANP<PLUR>
tárnics,tárnicséi,1,NOUN|ANP<PLUR>
eredményem,eredményeméi,1,NOUN|POSS<1>|ANP<PLUR>
tegnap,tegnapéi,1,NOUN|ANP<PLUR>
örökség,örökségéi,4,NOUN|ANP<PLUR>
száz,százéi,1,NUM|ANP<PLUR>
terűi,terűiéi,2,NOUN[INAL_ATTRIB]|ADJ|PLUR|POSS|ANP<PLUR>
előbbi,előbbiéi,2,NOUN|ANP<PLUR>
ellensége,ellenségééi,1,NOUN|POSS|ANP<PLUR>
francai,francaiéi,1,NOUN|PLUR|POSS|ANP<PLUR>
szál,száléi,1,NOUN|ANP<PLUR>
joghatóság,joghatóságéi,1,NOUN|ANP<PLUR>
bérmunka,bérmunkáéi,1,NOUN|ANP<PLUR>
száj,szájéi,1,NOUN|ANP<PLUR>
huni,huniéi,3,NOUN[MET_ATTRIB]|ADJ|ANP<PLUR>
ördögöd,ördögödéi,1,NOUN|POSS<2>|ANP<PLUR>
gin,ginéi,3,NOUN|ANP<PLUR>
négyzet,négyzetéi,1,NOUN|ANP<PLUR>
difi,difiéi,1,NOUN|ANP<PLUR>
vétkek,vétkekéi,1,NOUN|PLUR|ANP<PLUR>
következés,következéséi,2,NOUN|ANP<PLUR>
eset,esetéi,4,NOUN|ANP<PLUR>
kény,kényéi,1,NOUN|ANP<PLUR>
minős,minőséi,1,NOUN[ATTRIB]|ADJ|ANP<PLUR>
kese,kesééi,2,NOUN|ANP<PLUR>
teljesítmény,teljesítményéi,1,NOUN|ANP<PLUR>
szűk,szűkéi,2,NOUN|ANP<PLUR>
rendeltetés,rendeltetéséi,3,NOUN|ANP<PLUR>
beles,beleséi,4,ADJ|ANP<PLUR>
főrész,főrészéi,1,NOUN|ANP<PLUR>
jeleid,jeleidéi,1,NOUN|PLUR|POSS<2>|ANP<PLUR>
rendi,rendiéi,4,ADJ|ANP<PLUR>
osztrákok,osztrákokéi,2,ADJ|PLUR|ANP<PLUR>
bánya,bányáéi,1,NOUN|ANP<PLUR>
törzsek,törzsekéi,1,NOUN|PLUR|ANP<PLUR>
hagyomány,hagyományéi,1,NOUN|ANP<PLUR>
földszint,földszintéi,1,NOUN|ANP<PLUR>
veszteség,veszteségéi,1,NOUN|ANP<PLUR>
lég,légéi,1,NOUN|ANP<PLUR>
gyök,gyökéi,3,NOUN|ANP<PLUR>
léi,léiéi,2,NOUN[MET_ATTRIB]|ADJ|ANP<PLUR>
grófnő,grófnőéi,1,NOUN|ANP<PLUR>
jánosi,jánosiéi,2,NOUN[MET_ATTRIB]|ADJ|ANP<PLUR>
foglalt,foglaltéi,3,ADJ|ANP<PLUR>
lés,léséi,2,NOUN[ATTRIB]|ADJ|ANP<PLUR>
emberi,emberiéi,12,ADJ|ANP<PLUR>
villany,villanyéi,1,NOUN|ANP<PLUR>
magatartás,magatartáséi,1,NOUN|ANP<PLUR>
képzelhető,képzelhetőéi,2,ADJ|ANP<PLUR>
sport,sportéi,1,NOUN|ANP<PLUR>
lovaid,lóidéi,2,NOUN|PLUR|POSS<2>|ANP<PLUR>
szekund,szekundéi,1,NOUN|ANP<PLUR>
mesteri,mesteriéi,4,ADJ|ANP<PLUR>
keresztszelvény,keresztszelvényéi,1,NOUN|ANP<PLUR>
falképek,falképekéi,3,NOUN|PLUR|ANP<PLUR>
modern,modernéi,2,NOUN|ANP<PLUR>
tanácsi,tanácsiéi,8,ADJ|ANP<PLUR>
hímnem,hímneméi,1,NOUN|ANP<PLUR>
csatatér,csatatéréi,1,NOUN|ANP<PLUR>
vetése,vetésééi,2,NOUN|POSS|ANP<PLUR>
látott,látottéi,3,ADJ|ANP<PLUR>
pszichológus,pszichológuséi,1,NOUN|ANP<PLUR>
lágy,lágyéi,2,ADJ|ANP<PLUR>
emezek,emezekéi,2,NOUN|PLUR|ANP<PLUR>
méréseim,méréseiméi,2,NOUN|PLUR|POSS<1>|ANP<PLUR>
fejlődés,fejlődéséi,9,NOUN|ANP<PLUR>
hármasszövetség,hármasszövetségéi,1,NOUN|ANP<PLUR>
husi,husiéi,6,NOUN|ANP<PLUR>
kisbirtokosok,kisbirtokosokéi,3,ADJ|PLUR|ANP<PLUR>
hatalom,hataloméi,3,NOUN|ANP<PLUR>
férjeik,férjeikéi,1,NOUN|PLUR|POSS<PLUR>|ANP<PLUR>
nemzetsége,nemzetségééi,1,NOUN|POSS|ANP<PLUR>
magyarok,magyarokéi,10,NOUN|PLUR|ANP<PLUR>
lubomirski,lubomirskiéi,1,NOUN[MET_ATTRIB]|ADJ|ANP<PLUR>
szőlő,szőlőéi,1,NOUN|ANP<PLUR>
madarak,madarakéi,5,NOUN|PLUR|ANP<PLUR>
szent,szentéi,26,NOUN|ANP<PLUR>
paradicsom,paradicsoméi,1,NOUN|ANP<PLUR>
vend,vendéi,14,ADJ|ANP<PLUR>
kaid,kaidéi,1,NOUN[MET_ATTRIB]|ADJ|POSS<2>|ANP<PLUR>
termelési,termelésiéi,4,ADJ|ANP<PLUR>
sztyepp,sztyeppéi,8,NOUN|ANP<PLUR>
imii,imiiéi,5,NOUN[MET_ATTRIB]|ADJ|PLUR|POSS|ANP<PLUR>
gazdagok,gazdagokéi,4,ADJ|PLUR|ANP<PLUR>
viza,vizáéi,1,NOUN|ANP<PLUR>
rétegeim,rétegeiméi,1,NOUN|PLUR|POSS<1>|ANP<PLUR>
modalitás,modalitáséi,1,NOUN|ANP<PLUR>
papok,papokéi,2,NOUN|PLUR|ANP<PLUR>
képi,képiéi,3,ADJ|ANP<PLUR>
térés,téréséi,1,VERB[GERUND]|NOUN|ANP<PLUR>
menet,menetéi,1,NOUN|ANP<PLUR>
eszmék,eszmékéi,1,NOUN|PLUR|ANP<PLUR>
ismertetés,ismertetéséi,6,NOUN|ANP<PLUR>
nehézségek,nehézségekéi,2,NOUN|PLUR|ANP<PLUR>
felépítés,felépítéséi,4,NOUN|ANP<PLUR>
gyümölcsöse,gyümölcsösééi,3,ADJ|POSS|ANP<PLUR>
róna,rónáéi,2,NOUN|ANP<PLUR>
szűz,szűzéi,2,ADJ|ANP<PLUR>
éjed,éjedéi,1,NOUN|POSS<2>|ANP<PLUR>
kereszt,keresztéi,6,NOUN|ANP<PLUR>
létezés,létezéséi,6,NOUN|ANP<PLUR>
gyuszi,gyusziéi,1,NOUN[MET_ATTRIB]|ADJ|ANP<PLUR>
belépő,belépőéi,28,NOUN|ANP<PLUR>
katonák,katonákéi,1,NOUN|PLUR|ANP<PLUR>
kormányzóságok,kormányzóságokéi,2,NOUN|PLUR|ANP<PLUR>
indiánok,indiánokéi,4,ADJ|PLUR|ANP<PLUR>
mellékjel,mellékjeléi,1,NOUN|ANP<PLUR>
házad,házadéi,1,NOUN|POSS<2>|ANP<PLUR>
kérdés,kérdéséi,8,NOUN|ANP<PLUR>
dini,diniéi,6,NOUN[MET_ATTRIB]|ADJ|ANP<PLUR>
házak,házakéi,1,NOUN|PLUR|ANP<PLUR>
házai,házaiéi,1,NOUN|PLUR|POSS|ANP<PLUR>
házam,házaméi,1,NOUN|POSS<1>|ANP<PLUR>
földetek,földetekéi,1,NOUN|POSS<2><PLUR>|ANP<PLUR>
törzsök,törzsökéi,6,NOUN|ANP<PLUR>
tanuló,tanulóéi,2,NOUN|ANP<PLUR>
hősek,hősökéi,3,ADJ|PLUR|ANP<PLUR>
rabbi,rabbiéi,3,NOUN|ANP<PLUR>
lad,ladéi,15,NOUN|POSS<2>|ANP<PLUR>
megjelölése,megjelölésééi,3,NOUN|POSS|ANP<PLUR>
érdemi,érdemiéi,6,ADJ|ANP<PLUR>
töltés,töltéséi,2,NOUN|ANP<PLUR>
növelés,növeléséi,2,NOUN|ANP<PLUR>
korok,korokéi,1,NOUN|PLUR|ANP<PLUR>
nyilas,nyilaséi,3,NOUN|ANP<PLUR>
csőd,csődéi,6,NOUN|POSS<2>|ANP<PLUR>
lak,lakéi,12,NOUN|PLUR|ANP<PLUR>
mérnökök,mérnökökéi,1,NOUN|PLUR|ANP<PLUR>
faludi,faludiéi,2,NOUN[MET_ATTRIB]|ADJ|ANP<PLUR>
legmesszebbi,legmesszebbiéi,1,ADJ[SUPERLAT]|ADJ|ANP<PLUR>
lap,lapéi,2,NOUN|ANP<PLUR>
üdvözlet,üdvözletéi,1,NOUN|ANP<PLUR>
vezérlet,vezérletéi,1,NOUN|ANP<PLUR>
lat,latéi,1,NOUN|ANP<PLUR>
aggod,aggodéi,2,NOUN|POSS<2>|ANP<PLUR>
égői,égőiéi,4,NOUN[MET_ATTRIB]|ADJ|ANP<PLUR>
mécsem,mécseméi,1,NOUN|POSS<1>|ANP<PLUR>
fölmagasztosultság,fölmagasztosultságéi,2,VERB[PERF_PART]|ADJ[ABSTRACT]|NOUN|ANP<PLUR>
rendelet,rendeletéi,9,NOUN|ANP<PLUR>
éviiek,éviekéi,8,NOUN[MET_ATTRIB]|ADJ|PLUR|ANP<PLUR>
értelmetlen,értelmetlenéi,1,ADJ|ANP<PLUR>
kellem,kelleméi,1,NOUN|ANP<PLUR>
aranka,arankáéi,1,NOUN|ANP<PLUR>
ladyk,ladykéi,1,NOUN|PLUR|ANP<PLUR>
vert,vertéi,2,ADJ|ANP<PLUR>
kami,kamiéi,2,NOUN[MET_ATTRIB]|ADJ|ANP<PLUR>
mécses,mécseséi,2,NOUN|ANP<PLUR>
lova,lováéi,1,NOUN|POSS|ANP<PLUR>
forma,formáéi,2,ADJ|ANP<PLUR>
káptalanok,káptalanokéi,1,NOUN|PLUR|ANP<PLUR>
mindenki,mindenkiéi,6,NOUN|ANP<PLUR>
népek,népekéi,3,NOUN|PLUR|ANP<PLUR>
törvényszékei,törvényszékeiéi,1,NOUN|PLUR|POSS|ANP<PLUR>
belli,belliéi,6,NOUN[MET_ATTRIB]|ADJ|ANP<PLUR>
süveg,süvegéi,1,NOUN|ANP<PLUR>
nyakkendői,nyakkendőiéi,2,NOUN[MET_ATTRIB]|ADJ|ANP<PLUR>
család,családéi,2,NOUN|ANP<PLUR>
növés,növéséi,2,NOUN|ANP<PLUR>
bőbb,bővebbéi,1,ADJ[COMPAR]|ADJ|ANP<PLUR>
kétszeres,kétszereséi,1,NUM[MULTIPL_ATTRIB]|ADJ|ANP<PLUR>
porti,portiéi,9,NOUN[MET_ATTRIB]|ADJ|ANP<PLUR>
barid,baridéi,4,NOUN|POSS<2>|ANP<PLUR>
ismerősöm,ismerőseméi,3,ADJ|POSS<1>|ANP<PLUR>
keze,kezééi,1,NOUN|POSS|ANP<PLUR>
vers,verséi,1,NOUN|ANP<PLUR>
ismereti,ismeretiéi,1,NOUN[MET_ATTRIB]|ADJ|ANP<PLUR>
magái,magáiéi,1,NOUN|PLUR|POSS|ANP<PLUR>
orangután,orangutánéi,1,NOUN|ANP<PLUR>
fajták,fajtákéi,4,NOUN|PLUR|ANP<PLUR>
halhatatlan,halhatatlanéi,3,ADJ|ANP<PLUR>
parasztok,parasztokéi,6,NOUN|PLUR|ANP<PLUR>
leveliink,leveliinkéi,4,NOUN[MET_ATTRIB]|ADJ|PLUR|POSS<1><PLUR>|ANP<PLUR>
ablakok,ablakokéi,1,NOUN|PLUR|ANP<PLUR>
kezelés,kezeléséi,3,NOUN|ANP<PLUR>
vizű,vizűéi,2,ADJ|ANP<PLUR>
rendezés,rendezéséi,6,NOUN|ANP<PLUR>
elnök,elnökéi,1,NOUN|ANP<PLUR>
népem,népeméi,1,NOUN|POSS<1>|ANP<PLUR>
mindenik,mindenikéi,3,NOUN[MET_ATTRIB]|ADJ|PLUR|ANP<PLUR>
szék,székéi,3,NOUN|ANP<PLUR>
szél,széléi,2,NOUN|ANP<PLUR>
apói,apóiéi,2,NOUN[MET_ATTRIB]|ADJ|ANP<PLUR>
kész,készéi,10,ADJ|ANP<PLUR>
leverés,leveréséi,3,NOUN|ANP<PLUR>
mocsár,mocsáréi,1,NOUN|ANP<PLUR>
gibbonok,gibbonokéi,1,NOUN|PLUR|ANP<PLUR>
parasztos,parasztoséi,3,ADJ|ANP<PLUR>
maliim,maliiméi,3,NOUN[MET_ATTRIB]|ADJ|PLUR|POSS<1>|ANP<PLUR>
jegy,jegyéi,1,NOUN|ANP<PLUR>
görög,görögéi,2,ADJ|ANP<PLUR>
palóc,palócéi,1,ADJ|ANP<PLUR>
széki,székiéi,3,NOUN[MET_ATTRIB]|ADJ|ANP<PLUR>
lány,lányéi,1,NOUN|ANP<PLUR>
osztályozás,osztályozáséi,2,NOUN|ANP<PLUR>
szín,színéi,3,NOUN|ANP<PLUR>
szett,szettéi,1,NOUN|ANP<PLUR>
országi,országiéi,3,NOUN[MET_ATTRIB]|ADJ|ANP<PLUR>
leányok,leányokéi,1,NOUN|PLUR|ANP<PLUR>
társaság,társaságéi,1,NOUN|ANP<PLUR>
őrsvezetők,őrsvezetőkéi,2,ADJ|PLUR|ANP<PLUR>
tenyerünk,tenyerünkéi,1,NOUN|POSS<1><PLUR>|ANP<PLUR>
busz,buszéi,4,NOUN|ANP<PLUR>
lej,lejéi,2,NOUN|ANP<PLUR>
lei,leiéi,12,NOUN|ANP<PLUR>
petém,petéméi,1,NOUN|POSS<1>|ANP<PLUR>
nyomdászok,nyomdászokéi,2,NOUN|PLUR|ANP<PLUR>
len,lenéi,1,NOUN|ANP<PLUR>
szervezet,szervezetéi,2,NOUN|ANP<PLUR>
hám,háméi,4,NOUN|ANP<PLUR>
ellenség,ellenségéi,3,NOUN|ANP<PLUR>
ler,leréi,5,NOUN|ANP<PLUR>
les,leséi,1,NOUN|ANP<PLUR>
kaja,kajáéi,1,NOUN|ANP<PLUR>
fonal,fonaléi,1,NOUN|ANP<PLUR>
ház,házéi,1,NOUN|ANP<PLUR>
barbárok,barbárokéi,2,ADJ|PLUR|ANP<PLUR>
dorong,dorongéi,1,NOUN|ANP<PLUR>
tanszék,tanszékéi,1,NOUN|ANP<PLUR>
szesz,szeszéi,2,NOUN|ANP<PLUR>
francia,franciáéi,6,ADJ|ANP<PLUR>
kifejezés,kifejezéséi,4,NOUN|ANP<PLUR>
eleim,eleiméi,2,NOUN|POSS<1>|ANP<PLUR>
műk,művekéi,1,NOUN|PLUR|ANP<PLUR>
szikii,szikiiéi,5,ADJ|PLUR|POSS|ANP<PLUR>
faktor,faktoréi,2,NOUN|ANP<PLUR>
kritikus,kritikuséi,2,ADJ|ANP<PLUR>
angolok,angolokéi,4,ADJ|PLUR|ANP<PLUR>
ponyvád,ponyvádéi,1,NOUN|POSS<2>|ANP<PLUR>
gerincesek,gerincesekéi,3,ADJ|PLUR|ANP<PLUR>
beszélők,beszélőkéi,4,NOUN|PLUR|ANP<PLUR>
kérő,kérőéi,3,NOUN|ANP<PLUR>
talárok,talárokéi,1,NOUN|PLUR|ANP<PLUR>
értés,értéséi,2,NOUN|ANP<PLUR>
szobor,szoboréi,1,NOUN|ANP<PLUR>
kilépő,kilépőéi,36,ADJ|ANP<PLUR>
remény,reményéi,1,NOUN|ANP<PLUR>
közlemény,közleményéi,1,NOUN|ANP<PLUR>
áldozat,áldozatéi,1,NOUN|ANP<PLUR>
bőrünk,bőrünkéi,1,NOUN|POSS<1><PLUR>|ANP<PLUR>
fortéi,fortéiéi,1,NOUN|PLUR|POSS|ANP<PLUR>
orrúak,orrúakéi,1,NOUN[INAL_ATTRIB]|ADJ|PLUR|ANP<PLUR>
ülés,üléséi,2,NOUN|ANP<PLUR>
tűzés,tűzéséi,3,NOUN|ANP<PLUR>
szenvedés,szenvedéséi,2,NOUN|ANP<PLUR>
felséged,felségedéi,3,NOUN|POSS<2>|ANP<PLUR>
tehetségünk,tehetségünkéi,1,NOUN|POSS<1><PLUR>|ANP<PLUR>
állatok,állatokéi,4,NOUN|POSS<2><PLUR>|ANP<PLUR>
egész,egészéi,6,ADJ|ANP<PLUR>
jubileum,jubileuméi,1,NOUN|ANP<PLUR>
tekercs,tekercséi,1,NOUN|ANP<PLUR>
istenei,isteneiéi,1,NOUN|PLUR|POSS|ANP<PLUR>
istenek,istenekéi,2,NOUN|PLUR|ANP<PLUR>
menny,mennyéi,4,NOUN|ANP<PLUR>
karácsony,karácsonyéi,1,NOUN|ANP<PLUR>
termelésű,termelésűéi,3,NOUN[INAL_ATTRIB]|ADJ|ANP<PLUR>
nélküli,nélküliéi,2,POSTP[ATTRIB]|ADJ|ANP<PLUR>
istened,istenedéi,1,NOUN|POSS<2>|ANP<PLUR>
belük,belükéi,1,NOUN|POSS<PLUR>|ANP<PLUR>
én,enyéim,30,NOUN|PERS<1>|ANP<PLUR>
makik,makikéi,3,NOUN|PLUR|ANP<PLUR>
mérvek,mérvekéi,1,NOUN|PLUR|ANP<PLUR>
térem,tereméi,6,NOUN|POSS<1>|ANP<PLUR>
indiai,indiaiéi,2,ADJ|ANP<PLUR>
terep,terepéi,1,NOUN|ANP<PLUR>
felület,felületéi,4,NOUN|ANP<PLUR>
jelentkezők,jelentkezőkéi,2,NOUN|PLUR|ANP<PLUR>
előnyök,előnyökéi,1,NOUN|PLUR|ANP<PLUR>
szív,szívéi,1,NOUN|ANP<PLUR>
építkezés,építkezéséi,6,NOUN|ANP<PLUR>
csoport,csoportéi,2,NOUN|ANP<PLUR>
testvér,testvéréi,4,NOUN|ANP<PLUR>
kormányzója,kormányzójáéi,3,NOUN|POSS|ANP<PLUR>
szeretet,szeretetéi,1,NOUN|ANP<PLUR>
kezeim,kezeiméi,1,NOUN|PLUR|POSS<1>|ANP<PLUR>
jeli,jeliéi,4,NOUN[MET_ATTRIB]|ADJ|ANP<PLUR>
ítéletünk,ítéletünkéi,1,NOUN|POSS<1><PLUR>|ANP<PLUR>
hívek,hívekéi,2,NOUN|PLUR|ANP<PLUR>
ateisták,ateistákéi,2,NOUN|PLUR|ANP<PLUR>
sváb,svábéi,2,ADJ|ANP<PLUR>
füst,füstéi,6,NOUN|ANP<PLUR>
díja,díjáéi,1,NOUN|POSS|ANP<PLUR>
oromi,ormiéi,1,NOUN[MET_ATTRIB]|ADJ|ANP<PLUR>
háztartások,háztartásokéi,1,NOUN|PLUR|ANP<PLUR>
helyezés,helyezéséi,3,NOUN|ANP<PLUR>
hamvas,hamvaséi,4,NOUN|ANP<PLUR>
apja,apjáéi,3,NOUN|POSS|ANP<PLUR>
oláhok,oláhokéi,2,ADJ|PLUR|ANP<PLUR>
növényzet,növényzetéi,3,NOUN|ANP<PLUR>
művészek,művészekéi,1,NOUN|PLUR|ANP<PLUR>
élvezés,élvezéséi,2,VERB[GERUND]|NOUN|ANP<PLUR>
atya,atyáéi,2,NOUN|ANP<PLUR>
barom,baroméi,1,NOUN|ANP<PLUR>
bélyeg,bélyegéi,4,NOUN|ANP<PLUR>
függők,függőkéi,2,NOUN|PLUR|ANP<PLUR>
belügy,belügyéi,3,NOUN|ANP<PLUR>
fürt,fürtéi,8,NOUN|ANP<PLUR>
perc,percéi,1,NOUN|ANP<PLUR>
nádorok,nádorokéi,1,NOUN|PLUR|ANP<PLUR>
munkálkodás,munkálkodáséi,2,NOUN|ANP<PLUR>
kézi,kéziéi,4,ADJ|ANP<PLUR>
szemeid,szemeidéi,2,NOUN|PLUR|POSS<2>|ANP<PLUR>
nemesek,nemesekéi,9,NOUN|PLUR|ANP<PLUR>
konca,koncáéi,1,NOUN|POSS|ANP<PLUR>
alnemek,alnemekéi,1,NOUN|PLUR|ANP<PLUR>
kapcsa,kapcsáéi,1,NOUN|POSS|ANP<PLUR>
berkek,berkekéi,1,NOUN|PLUR|ANP<PLUR>
romod,romodéi,1,NOUN|POSS<2>|ANP<PLUR>
szikla,szikláéi,2,NOUN|ANP<PLUR>
köntös,köntöséi,1,NOUN|ANP<PLUR>
szövetkezetek,szövetkezetekéi,1,NOUN|PLUR|ANP<PLUR>
hímek,hímekéi,1,NOUN|PLUR|ANP<PLUR>
hunyadi,hunyadiéi,2,NOUN[MET_ATTRIB]|ADJ|ANP<PLUR>
vért,vértéi,1,NOUN|ANP<PLUR>
természeti,természetiéi,2,ADJ|ANP<PLUR>
barna,barnáéi,2,ADJ|ANP<PLUR>
köles,köleséi,1,NOUN|ANP<PLUR>
orom,oroméi,1,NOUN|ANP<PLUR>
helynevek,helynevekéi,1,NOUN|PLUR|ANP<PLUR>
kincs,kincséi,3,NOUN|ANP<PLUR>
természet,természetéi,4,NOUN|ANP<PLUR>
működés,működéséi,8,NOUN|ANP<PLUR>
véri,vériéi,3,NOUN[MET_ATTRIB]|ADJ|ANP<PLUR>
konfliktusok,konfliktusokéi,1,NOUN|PLUR|ANP<PLUR>
jegyzőkönyv,jegyzőkönyvéi,3,NOUN|ANP<PLUR>
földi,földiéi,44,ADJ|ANP<PLUR>
differencia,differenciáéi,1,NOUN|ANP<PLUR>
jólétük,jólétükéi,1,NOUN|POSS<PLUR>|ANP<PLUR>
művészet,művészetéi,3,NOUN|ANP<PLUR>
hittérítők,hittérítőkéi,2,ADJ|PLUR|ANP<PLUR>
összegek,összegekéi,2,NOUN|PLUR|ANP<PLUR>
uruk,urukéi,1,NOUN|POSS<PLUR>|ANP<PLUR>
baromfi,baromfiéi,4,NOUN|ANP<PLUR>
tündérek,tündérekéi,1,NOUN|PLUR|ANP<PLUR>
szomszéd,szomszédéi,2,NOUN|ANP<PLUR>
jelenei,jeleneiéi,1,NOUN|PLUR|POSS|ANP<PLUR>
vények,vényekéi,2,NOUN|PLUR|ANP<PLUR>
szeg,szegéi,2,NOUN|ANP<PLUR>
romos,romoséi,2,ADJ|ANP<PLUR>
oszlop,oszlopéi,1,NOUN|ANP<PLUR>
könyveim,könyveiméi,2,NOUN|PLUR|POSS<1>|ANP<PLUR>
zab,zabéi,1,NOUN|ANP<PLUR>
tulajdonosuk,tulajdonosukéi,2,NOUN|POSS<PLUR>|ANP<PLUR>
sejtelmei,sejtelmeiéi,1,NOUN|PLUR|POSS|ANP<PLUR>
hallóm,hallóméi,4,ADJ|POSS<1>|ANP<PLUR>
dómunk,dómunkéi,1,NOUN|POSS<1><PLUR>|ANP<PLUR>
félkör,félköréi,2,NOUN|ANP<PLUR>
szem,szeméi,10,NOUN|ANP<PLUR>
kunok,kunokéi,2,NOUN|PLUR|ANP<PLUR>
levél,levéléi,2,NOUN|ANP<PLUR>
szer,szeréi,2,NOUN|ANP<PLUR>
mélyedés,mélyedéséi,2,NOUN|ANP<PLUR>
termett,termettéi,1,ADJ|ANP<PLUR>
közép,középéi,1,NOUN|ANP<PLUR>
urunk,urunkéi,2,NOUN|POSS<1><PLUR>|ANP<PLUR>
alberti,albertiéi,2,NOUN[MET_ATTRIB]|ADJ|ANP<PLUR>
regény,regényéi,1,NOUN|ANP<PLUR>
menti,mentiéi,6,ADJ|ANP<PLUR>
fűrész,fűrészéi,1,NOUN|ANP<PLUR>
szil,sziléi,1,NOUN|ANP<PLUR>
címer,címeréi,2,NOUN|ANP<PLUR>
szik,szikéi,15,NOUN|PLUR|ANP<PLUR>
henri,henriéi,9,NOUN[MET_ATTRIB]|ADJ|ANP<PLUR>
delfin,delfinéi,1,NOUN|ANP<PLUR>
értelmiségi,értelmiségiéi,4,NOUN|ANP<PLUR>
szög,szögéi,4,ADJ|ANP<PLUR>
intézet,intézetéi,2,NOUN|ANP<PLUR>
községek,községekéi,2,NOUN|PLUR|ANP<PLUR>
segélyezett,segélyezettéi,4,ADJ|ANP<PLUR>
gondolati,gondolatiéi,2,ADJ|ANP<PLUR>
vali,valiéi,2,NOUN[MET_ATTRIB]|ADJ|ANP<PLUR>
komi,komiéi,9,ADJ|ANP<PLUR>
templom,temploméi,2,NOUN|ANP<PLUR>
lakhely,lakhelyéi,1,NOUN|ANP<PLUR>
élők,élőkéi,6,NOUN|PLUR|ANP<PLUR>
díszítés,díszítéséi,2,NOUN|ANP<PLUR>
élőm,élőméi,12,NOUN|POSS<1>|ANP<PLUR>
fészkek,fészkekéi,1,NOUN|PLUR|ANP<PLUR>
alak,alakéi,2,NOUN|ANP<PLUR>
nyelvek,nyelvekéi,1,NOUN|PLUR|ANP<PLUR>
elevened,elevenedéi,2,NOUN|POSS<2>|ANP<PLUR>
rothadási,rothadásiéi,4,NOUN[MET_ATTRIB]|ADJ|ANP<PLUR>
igazságügy,igazságügyéi,2,NOUN|ANP<PLUR>
fegyver,fegyveréi,3,NOUN|ANP<PLUR>
enyim,enyiméi,1,NOUN|PERS<1>|ANP|ANP<PLUR>
fiatalok,fiatalokéi,2,NOUN|PLUR|ANP<PLUR>
mimim,mimiméi,2,NOUN[MET_ATTRIB]|ADJ|POSS<1>|ANP<PLUR>
küszöb,küszöbéi,1,NOUN|ANP<PLUR>
barátaim,barátaiméi,1,NOUN|PLUR|POSS<1>|ANP<PLUR>
súlyos,súlyoséi,2,ADJ|ANP<PLUR>
hajósok,hajósokéi,2,NOUN|PLUR|ANP<PLUR>
korszak,korszakéi,1,NOUN|ANP<PLUR>
becsi,becsiéi,6,NOUN[MET_ATTRIB]|ADJ|ANP<PLUR>
világ,világéi,12,NOUN|ANP<PLUR>
te,tiédek,5,NOUN|PERS<2>|ANP<PLUR>
kereskedésünk,kereskedésünkéi,2,NOUN|POSS<1><PLUR>|ANP<PLUR>
árad,áradéi,1,NOUN|POSS<2>|ANP<PLUR>
szegénység,szegénységéi,2,NOUN|ANP<PLUR>
nagymester,nagymesteréi,1,NOUN|ANP<PLUR>
lom,loméi,13,NOUN|ANP<PLUR>
regények,regényekéi,1,NOUN|PLUR|ANP<PLUR>
földje,földééi,1,NOUN|POSS|ANP<PLUR>
cserjések,cserjésekéi,15,NOUN|PLUR|ANP<PLUR>
falubeli,falubeliéi,6,NOUN|ANP<PLUR>
dísz,díszéi,2,NOUN|ANP<PLUR>
jövő,jövőéi,3,NOUN|ANP<PLUR>
nyolcadikosok,nyolcadikosokéi,1,NUM[ORD]|NUM[ATTRIB]|ADJ|PLUR|ANP<PLUR>
borbarát,borbarátéi,3,NOUN|ANP<PLUR>
visszakeresés,visszakereséséi,2,VERB[GERUND]|NOUN|ANP<PLUR>
helyzet,helyzetéi,7,NOUN|ANP<PLUR>
kézjegy,kézjegyéi,1,NOUN|ANP<PLUR>
törekvés,törekvéséi,1,NOUN|ANP<PLUR>
poén,poénéi,1,NOUN|ANP<PLUR>
észt,észtéi,2,NOUN|ANP<PLUR>
tízed,tízedéi,1,NUM|POSS<2>|ANP<PLUR>
összefüggés,összefüggéséi,3,NOUN|ANP<PLUR>
előd,elődéi,2,NOUN|POSS<2>|ANP<PLUR>
érzők,érzőkéi,6,ADJ|PLUR|ANP<PLUR>
én,magaméi,6,NOUN|PERS<1>|ANP<PLUR>
üléseik,üléseikéi,2,NOUN|PLUR|POSS<PLUR>|ANP<PLUR>
muri,muriéi,6,NOUN|ANP<PLUR>
látó,látóéi,2,NOUN|ANP<PLUR>
perjel,perjeléi,1,NOUN|ANP<PLUR>
putrii,putriiéi,4,NOUN|PLUR|POSS|ANP<PLUR>
pénz,pénzéi,4,NOUN|ANP<PLUR>
építés,építéséi,15,NOUN|ANP<PLUR>
vár,váréi,5,NOUN|ANP<PLUR>
elítéltetés,elítéltetéséi,2,VERB[CAUS]|VERB[GERUND]|NOUN|ANP<PLUR>
templomunk,templomunkéi,1,NOUN|POSS<1><PLUR>|ANP<PLUR>
társulat,társulatéi,1,NOUN|ANP<PLUR>
hím,híméi,2,NOUN|ANP<PLUR>
látók,látókéi,2,NOUN|PLUR|ANP<PLUR>
feltét,feltétéi,1,NOUN|ANP<PLUR>
jegyűi,jegyűiéi,1,NOUN[INAL_ATTRIB]|ADJ|PLUR|POSS|ANP<PLUR>
ehrenbergi,ehrenbergiéi,6,NOUN[MET_ATTRIB]|ADJ|ANP<PLUR>
túli,túliéi,2,POSTP[ATTRIB]|ADJ|ANP<PLUR>
füzet,füzetéi,1,NOUN|ANP<PLUR>
megszűnés,megszűnéséi,3,NOUN|ANP<PLUR>
csípőizületi,csípőizületiéi,1,NOUN[MET_ATTRIB]|ADJ|ANP<PLUR>
arzén,arzénéi,1,NOUN|ANP<PLUR>
hír,híréi,3,NOUN|ANP<PLUR>
hív,hívéi,10,NOUN|ANP<PLUR>
számjegyek,számjegyekéi,1,NOUN|PLUR|ANP<PLUR>
elkészítés,elkészítéséi,4,NOUN|ANP<PLUR>
szántóföldek,szántóföldekéi,1,NOUN|PLUR|ANP<PLUR>
lépések,lépésekéi,2,NOUN|PLUR|ANP<PLUR>
col,coléi,1,NOUN|ANP<PLUR>
káros,károséi,2,ADJ|ANP<PLUR>
küldői,küldőiéi,3,NOUN[MET_ATTRIB]|ADJ|ANP<PLUR>
való,valóéi,2,NOUN|ANP<PLUR>
eredet,eredetéi,7,NOUN|ANP<PLUR>
haj,hajéi,1,NOUN|ANP<PLUR>
zsizsik,zsizsikéi,1,NOUN|ANP<PLUR>
habos,haboséi,2,ADJ|ANP<PLUR>
hal,haléi,3,NOUN|ANP<PLUR>
fiaink,fiainkéi,2,NOUN|PLUR|POSS<1><PLUR>|ANP<PLUR>
fűzei,füzeiéi,2,NOUN|PLUR|POSS|ANP<PLUR>
lelete,leletééi,1,NOUN|POSS|ANP<PLUR>
átfestés,átfestéséi,2,VERB[GERUND]|NOUN|ANP<PLUR>
istenük,istenükéi,1,NOUN|POSS<PLUR>|ANP<PLUR>
élvezet,élvezetéi,1,NOUN|ANP<PLUR>
has,haséi,9,NOUN|ANP<PLUR>
folytatás,folytatáséi,2,NOUN|ANP<PLUR>
házunk,házunkéi,1,NOUN|POSS<1><PLUR>|ANP<PLUR>
vétkeim,vétkeiméi,1,NOUN|PLUR|POSS<1>|ANP<PLUR>
hámora,hámoráéi,1,NOUN|POSS|ANP<PLUR>
persis,persiséi,2,NOUN[MET_ATTRIB]|ADJ[ATTRIB]|ADJ|ANP<PLUR>
közlés,közléséi,4,NOUN|ANP<PLUR>
bokra,bokráéi,1,NOUN|POSS|ANP<PLUR>
hízelgők,hízelgőkéi,3,NOUN|PLUR|ANP<PLUR>
gumi,gumiéi,2,NOUN|ANP<PLUR>
sugár,sugáréi,1,NOUN|ANP<PLUR>
testűi,testűiéi,4,ADJ|PLUR|POSS|ANP<PLUR>
exponensek,exponensekéi,1,NOUN|PLUR|ANP<PLUR>
védegyletek,védegyletekéi,1,NOUN|PLUR|ANP<PLUR>
must,mustéi,1,NOUN|ANP<PLUR>
kopp,koppéi,9,NOUN|ANP<PLUR>
terjedés,terjedéséi,2,NOUN|ANP<PLUR>
jeti,jetiéi,2,NOUN|ANP<PLUR>
ág,ágéi,2,NOUN|ANP<PLUR>
öszvér,öszvéréi,1,NOUN|ANP<PLUR>
sziget,szigetéi,1,NOUN|ANP<PLUR>
mái,máiéi,4,NOUN|PLUR|POSS|ANP<PLUR>
mérföld,mérföldéi,1,NOUN|ANP<PLUR>
ál,áléi,1,ADJ|ANP<PLUR>
látogatók,látogatókéi,2,NOUN|PLUR|ANP<PLUR>
ura,uráéi,1,NOUN|POSS|ANP<PLUR>
ár,áréi,1,NOUN|ANP<PLUR>
más,máséi,27,NOUN|ANP<PLUR>
kebel,kebeléi,2,NOUN|ANP<PLUR>
zászlósa,zászlósáéi,3,ADJ|POSS|ANP<PLUR>
halál,haláléi,2,NOUN|ANP<PLUR>
tervezés,tervezéséi,3,NOUN|ANP<PLUR>
készség,készségéi,4,NOUN|ANP<PLUR>
véső,vésőéi,2,NOUN|ANP<PLUR>
unió,unióéi,1,NOUN|ANP<PLUR>
ekék,ekékéi,1,NOUN|PLUR|ANP<PLUR>
fétis,fétiséi,2,NOUN|ANP<PLUR>
szol,szoléi,8,NOUN|ANP<PLUR>
kevélység,kevélységéi,2,NOUN|ANP<PLUR>
házuk,házukéi,1,NOUN|POSS<PLUR>|ANP<PLUR>
talpas,talpaséi,3,ADJ|ANP<PLUR>
emberfajta,emberfajtáéi,2,NOUN|ANP<PLUR>
értelmünk,értelmünkéi,1,NOUN|POSS<1><PLUR>|ANP<PLUR>
naik,naiakéi,1,NOUN[MET_ATTRIB]|ADJ|PLUR|ANP<PLUR>
ártatlanság,ártatlanságéi,3,NOUN|ANP<PLUR>
kord,kordéi,3,NOUN|ANP<PLUR>
kamara,kamaráéi,2,NOUN|ANP<PLUR>
kölni,kölniéi,2,NOUN|ANP<PLUR>
haladéktalan,haladéktalanéi,2,ADJ|ANP<PLUR>
zöm,zöméi,2,NOUN|ANP<PLUR>
részleg,részlegéi,1,NOUN|ANP<PLUR>
keresztesek,keresztesekéi,3,ADJ|PLUR|ANP<PLUR>
beszéd,beszédéi,4,NOUN|ANP<PLUR>
szemek,szemekéi,1,NOUN|PLUR|ANP<PLUR>
szigligeti,szigligetiéi,4,NOUN[MET_ATTRIB]|ADJ|ANP<PLUR>
részlet,részletéi,1,NOUN|ANP<PLUR>
szemem,szememéi,1,NOUN|POSS<1>|ANP<PLUR>
nők,nőkéi,1,NOUN|PLUR|ANP<PLUR>
elvtárs,elvtárséi,1,NOUN|ANP<PLUR>
buborékok,buborékokéi,1,NOUN|PLUR|ANP<PLUR>
karácsonyfái,karácsonyfáiéi,1,NOUN|PLUR|POSS|ANP<PLUR>
heg,hegéi,1,NOUN|ANP<PLUR>
cikk,cikkéi,2,NOUN|ANP<PLUR>
oroszlán,oroszlánéi,1,NOUN|ANP<PLUR>
gyarmat,gyarmatéi,7,NOUN|ANP<PLUR>
dán,dánéi,6,ADJ|ANP<PLUR>
dám,dáméi,1,NOUN|ANP<PLUR>
kövéred,kövéredéi,2,NOUN|POSS<2>|ANP<PLUR>
ebéd,ebédéi,3,NOUN|ANP<PLUR>
teás,teáséi,1,NOUN[ATTRIB]|ADJ|ANP<PLUR>
önkormányzatok,önkormányzatokéi,1,NOUN|PLUR|ANP<PLUR>
szentek,szentekéi,2,NOUN|PLUR|ANP<PLUR>
huszáros,huszároséi,4,ADJ|ANP<PLUR>
huszárok,huszárokéi,1,NOUN|PLUR|ANP<PLUR>
közei,közeiéi,2,ADJ|PLUR|POSS|ANP<PLUR>
boltok,boltokéi,1,NOUN|PLUR|ANP<PLUR>
effélék,effélékéi,1,ADJ|PLUR|ANP<PLUR>
párti,pártiéi,3,NOUN[MET_ATTRIB]|ADJ|ANP<PLUR>
csalód,csalódéi,3,ADJ|POSS<2>|ANP<PLUR>
gyermekkor,gyermekkoréi,1,NOUN|ANP<PLUR>
feljelentések,feljelentésekéi,3,NOUN|PLUR|ANP<PLUR>
nedved,nedvedéi,1,NOUN|POSS<2>|ANP<PLUR>
polski,polskiéi,1,NOUN[MET_ATTRIB]|ADJ|ANP<PLUR>
kirendelés,kirendeléséi,3,VERB[GERUND]|NOUN|ANP<PLUR>
veder,vederéi,1,NOUN|ANP<PLUR>
jelentőség,jelentőségéi,4,NOUN|ANP<PLUR>
életkörülmények,életkörülményekéi,1,NOUN|PLUR|ANP<PLUR>
stand,standéi,1,NOUN|ANP<PLUR>
utazók,utazókéi,5,NOUN|PLUR|ANP<PLUR>
sátán,sátánéi,1,NOUN|ANP<PLUR>
ondó,ondóéi,1,NOUN|ANP<PLUR>
erkölcs,erkölcséi,2,NOUN|ANP<PLUR>
te,tiedek,5,NOUN|PERS<2>|ANP<PLUR>
személy,személyéi,1,NOUN|ANP<PLUR>
több,többéi,6,NUM[COMPAR]|NUM|ANP<PLUR>
csemeték,csemetékéi,1,NOUN|PLUR|ANP<PLUR>
magvii,magiiéi,4,NOUN[MET_ATTRIB]|ADJ|PLUR|POSS|ANP<PLUR>
ölyvök,ölyvekéi,1,NOUN|PLUR|ANP<PLUR>
legszebbek,legszebbekéi,1,ADJ[SUPERLAT]|ADJ|PLUR|ANP<PLUR>
volt,voltéi,2,ADJ|ANP<PLUR>
portál,portáléi,3,NOUN|ANP<PLUR>
lemez,lemezéi,1,NOUN|ANP<PLUR>
képlet,képletéi,1,NOUN|ANP<PLUR>
véd,védéi,4,NOUN|ANP<PLUR>
deled,deledéi,1,NOUN|POSS<2>|ANP<PLUR>
vég,végéi,9,NOUN|ANP<PLUR>
jaki,jakiéi,6,NOUN[MET_ATTRIB]|ADJ|ANP<PLUR>
idegenek,idegenekéi,6,ADJ|PLUR|ANP<PLUR>
érzéseim,érzéseiméi,3,NOUN|PLUR|POSS<1>|ANP<PLUR>
jobbágyok,jobbágyokéi,2,NOUN|PLUR|ANP<PLUR>
vén,vénéi,2,ADJ|ANP<PLUR>
nyelv,nyelvéi,5,NOUN|ANP<PLUR>
cili,ciliéi,44,NOUN[MET_ATTRIB]|ADJ|ANP<PLUR>
híred,híredéi,1,NOUN|POSS<2>|ANP<PLUR>
vér,véréi,4,NOUN|ANP<PLUR>
megerősítés,megerősítéséi,5,NOUN|ANP<PLUR>
alispán,alispánéi,1,NOUN|ANP<PLUR>
mártírok,mártírokéi,1,NOUN|PLUR|ANP<PLUR>
pontú,pontúéi,1,NOUN[INAL_ATTRIB]|ADJ|ANP<PLUR>
veréb,verébéi,1,NOUN|ANP<PLUR>
tervi,terviéi,2,NOUN[MET_ATTRIB]|ADJ|ANP<PLUR>
király,királyéi,6,NOUN|ANP<PLUR>
vándordiák,vándordiákéi,1,NOUN|ANP<PLUR>
kísérlet,kísérletéi,2,NOUN|ANP<PLUR>
ember,emberéi,7,NOUN|ANP<PLUR>
fodrom,fodroméi,1,NOUN|POSS<1>|ANP<PLUR>
korú,korúéi,2,ADJ|ANP<PLUR>
hik,hikéi,1,NOUN[MET_ATTRIB]|ADJ|PLUR|ANP<PLUR>
munkaadók,munkaadókéi,2,NOUN|PLUR|ANP<PLUR>
képzés,képzéséi,2,NOUN|ANP<PLUR>
szereim,szereiméi,1,NOUN|PLUR|POSS<1>|ANP<PLUR>
hit,hitéi,9,NOUN|ANP<PLUR>
vont,vontéi,2,ADJ|ANP<PLUR>
szószátyár,szószátyáréi,2,NOUN|ANP<PLUR>
káli,káliéi,6,NOUN|ANP<PLUR>
bőröd,bőrödéi,1,NOUN|POSS<2>|ANP<PLUR>
földeik,földeikéi,2,NOUN|PLUR|POSS<PLUR>|ANP<PLUR>
lányok,lányokéi,1,NOUN|PLUR|ANP<PLUR>
barbárság,barbárságéi,2,NOUN|ANP<PLUR>
gyulád,gyuládéi,1,NOUN|POSS<2>|ANP<PLUR>
bőrök,bőrökéi,1,NOUN|PLUR|ANP<PLUR>
kecske,kecskééi,4,NOUN|ANP<PLUR>
kifejlődés,kifejlődéséi,15,NOUN|ANP<PLUR>
inda,indáéi,1,NOUN|ANP<PLUR>
szigor,szigoréi,2,NOUN|ANP<PLUR>
értekezés,értekezéséi,6,NOUN|ANP<PLUR>
fejezés,fejezéséi,2,VERB[GERUND]|NOUN|ANP<PLUR>
kova,kováéi,3,NOUN|ANP<PLUR>
tártaim,tártaiméi,1,ADJ|PLUR|POSS<1>|ANP<PLUR>
ária,áriáéi,1,NOUN|ANP<PLUR>
vádlói,vádlóiéi,4,NOUN[MET_ATTRIB]|ADJ|ANP<PLUR>
önéletrajz,önéletrajzéi,1,NOUN|ANP<PLUR>
kovászos,kovászoséi,2,ADJ|ANP<PLUR>
ég,égéi,7,NOUN|ANP<PLUR>
gondviselőnk,gondviselőnkéi,2,ADJ|POSS<1><PLUR>|ANP<PLUR>
kürt,kürtéi,1,NOUN|ANP<PLUR>
éh,éhéi,1,NOUN|ANP<PLUR>
tudós,tudóséi,4,ADJ|ANP<PLUR>
éj,éjéi,1,NOUN|ANP<PLUR>
déliek,délikéi,5,ADJ|PLUR|ANP<PLUR>
él,éléi,3,NOUN|ANP<PLUR>
zászlóalj,zászlóaljéi,1,NOUN|ANP<PLUR>
egyéniség,egyéniségéi,6,NOUN|ANP<PLUR>
mén,ménéi,4,NOUN|ANP<PLUR>
én,énéi,3,NOUN|ANP<PLUR>
ép,épéi,1,ADJ|ANP<PLUR>
ér,éréi,3,NOUN|ANP<PLUR>
hegyök,hegyekéi,1,NOUN|PLUR|ANP<PLUR>
év,évéi,4,NOUN|ANP<PLUR>
periféria,perifériáéi,1,NOUN|ANP<PLUR>
rögzülés,rögzüléséi,1,VERB[GERUND]|NOUN|ANP<PLUR>
jegyzék,jegyzékéi,2,NOUN|ANP<PLUR>
pénzbüntetése,pénzbüntetésééi,1,NOUN|POSS|ANP<PLUR>
pari,pariéi,3,NOUN|ANP<PLUR>
lyuk,lyukéi,1,NOUN|ANP<PLUR>
születése,születésééi,3,NOUN|POSS|ANP<PLUR>
státusok,státusokéi,1,NOUN|PLUR|ANP<PLUR>
vajda,vajdáéi,3,NOUN|ANP<PLUR>
étel,ételéi,1,NOUN|ANP<PLUR>
rund,rundéi,8,NOUN|ANP<PLUR>
értelmis,értelmiséi,1,ADJ[ATTRIB]|ADJ|ANP<PLUR>
készülők,készülőkéi,6,NOUN|PLUR|ANP<PLUR>
szerzett,szerzettéi,4,ADJ|ANP<PLUR>
versek,versekéi,2,NOUN|PLUR|ANP<PLUR>
semmiségek,semmiségekéi,1,NOUN|PLUR|ANP<PLUR>
költésünk,költésünkéi,2,NOUN|POSS<1><PLUR>|ANP<PLUR>
víg,vígéi,2,NOUN|ANP<PLUR>
térkép,térképéi,1,NOUN|ANP<PLUR>
haszontalan,haszontalanéi,3,NOUN|ANP<PLUR>
árny,árnyéi,1,NOUN|ANP<PLUR>
bogom,bogoméi,1,NOUN|POSS<1>|ANP<PLUR>
népeim,népeiméi,1,NOUN|PLUR|POSS<1>|ANP<PLUR>
nemzetségek,nemzetségekéi,1,NOUN|PLUR|ANP<PLUR>
öcséd,öcsédéi,2,NOUN|POSS<2>|ANP<PLUR>
túró,túróéi,2,NOUN|ANP<PLUR>
természetünk,természetünkéi,1,NOUN|POSS<1><PLUR>|ANP<PLUR>
jegesed,jegesedéi,3,NOUN|POSS<2>|ANP<PLUR>
öcsém,öcséméi,4,NOUN|POSS<1>|ANP<PLUR>
városok,városokéi,2,NOUN|PLUR|ANP<PLUR>
kökényes,kökényeséi,6,ADJ|ANP<PLUR>
jelkép,jelképéi,1,NOUN|ANP<PLUR>
ujjperec,ujjperecéi,1,NOUN|ANP<PLUR>
víz,vízéi,1,NOUN|ANP<PLUR>
siker,sikeréi,4,NOUN|ANP<PLUR>
selma,selmáéi,2,ADJ|ANP<PLUR>
vad,vadéi,2,NOUN|ANP<PLUR>
szegély,szegélyéi,1,NOUN|ANP<PLUR>
zöld,zöldéi,32,NOUN|ANP<PLUR>
barmok,barmokéi,1,NOUN|PLUR|ANP<PLUR>
okozat,okozatéi,1,NOUN|ANP<PLUR>
var,varéi,1,NOUN|ANP<PLUR>
üzem,üzeméi,2,NOUN|ANP<PLUR>
vas,vaséi,1,NOUN|ANP<PLUR>
hazafi,hazafiéi,4,NOUN|ANP<PLUR>
kinti,kintiéi,2,ADJ|ANP<PLUR>
dél,déléi,4,ADJ|ANP<PLUR>
magvak,magokéi,3,NOUN|PLUR|ANP<PLUR>
zamat,zamatéi,1,NOUN|ANP<PLUR>
függőség,függőségéi,2,NOUN|ANP<PLUR>
hasadékok,hasadékokéi,1,NOUN|PLUR|ANP<PLUR>
tiki,tikiéi,2,NOUN[MET_ATTRIB]|ADJ|ANP<PLUR>
dér,déréi,1,NOUN|ANP<PLUR>
osztálytársadalom,osztálytársadaloméi,1,NOUN|ANP<PLUR>
imádság,imádságéi,1,NOUN|ANP<PLUR>
tetemese,tetemesééi,2,ADJ|POSS|ANP<PLUR>
gondolkodás,gondolkodáséi,4,NOUN|ANP<PLUR>
segítség,segítségéi,3,NOUN|ANP<PLUR>
dörej,dörejéi,1,NOUN|ANP<PLUR>
kiürítés,kiürítéséi,3,NOUN|ANP<PLUR>
teleped,telepedéi,1,NOUN|POSS<2>|ANP<PLUR>
részi,résziéi,4,NOUN[MET_ATTRIB]|ADJ|ANP<PLUR>
hatások,hatásokéi,2,NOUN|PLUR|ANP<PLUR>
sarok,sarokéi,13,NOUN|ANP<PLUR>
tükör,tüköréi,5,NOUN|ANP<PLUR>
szleng,szlengéi,1,NOUN|ANP<PLUR>
legszebb,legszebbéi,1,ADJ[SUPERLAT]|ADJ|ANP<PLUR>
hitünk,hitünkéi,1,NOUN|POSS<1><PLUR>|ANP<PLUR>
tudomány,tudományéi,2,NOUN|ANP<PLUR>
gazdám,gazdáméi,1,NOUN|POSS<1>|ANP<PLUR>
fénykép,fényképéi,1,NOUN|ANP<PLUR>
költemény,költeményéi,2,NOUN|ANP<PLUR>
őseink,őseinkéi,1,NOUN|PLUR|POSS<1><PLUR>|ANP<PLUR>
gazdák,gazdákéi,2,NOUN|PLUR|ANP<PLUR>
viselkedés,viselkedéséi,4,NOUN|ANP<PLUR>
fellendítés,fellendítéséi,2,VERB[GERUND]|NOUN|ANP<PLUR>
ternyei,ternyeiéi,2,NOUN[MET_ATTRIB]|ADJ|ANP<PLUR>
elhíresült,elhíresültéi,4,NOUN|ANP<PLUR>
íj,íjéi,1,NOUN|ANP<PLUR>
ín,ínéi,3,NOUN|ANP<PLUR>
csűr,csűréi,1,NOUN|ANP<PLUR>
képek,képekéi,2,NOUN|PLUR|ANP<PLUR>
ír,íréi,2,ADJ|ANP<PLUR>
letelepedés,letelepedéséi,3,NOUN|ANP<PLUR>
húga,húgáéi,1,NOUN|POSS|ANP<PLUR>
pecsétjük,pecsétjükéi,2,NOUN|POSS<PLUR>|ANP<PLUR>
ív,ívéi,1,NOUN|ANP<PLUR>
seregélye,seregélyééi,1,NOUN|POSS|ANP<PLUR>
íz,ízéi,2,NOUN|ANP<PLUR>
honvéd,honvédéi,9,NOUN|ANP<PLUR>
tini,tiniéi,8,NOUN|ANP<PLUR>
ah,ahéi,1,NOUN|ANP<PLUR>
kommunisták,kommunistákéi,2,ADJ|PLUR|ANP<PLUR>
hon,honéi,3,NOUN|ANP<PLUR>
mag,magéi,2,NOUN|ANP<PLUR>
ismertei,ismerteiéi,2,ADJ|PLUR|POSS|ANP<PLUR>
nézet,nézetéi,3,NOUN|ANP<PLUR>
al,aléi,2,NOUN|ANP<PLUR>
déri,dériéi,3,NOUN[MET_ATTRIB]|ADJ|ANP<PLUR>
tudományok,tudományokéi,2,NOUN|PLUR|ANP<PLUR>
kölese,kölesééi,2,NOUN|POSS|ANP<PLUR>
egyén,egyénéi,1,NOUN|ANP<PLUR>
gyönyörűség,gyönyörűségéi,2,NOUN|ANP<PLUR>
mar,maréi,4,NOUN|ANP<PLUR>
emlékek,emlékekéi,2,NOUN|PLUR|ANP<PLUR>
reszt,resztéi,4,NOUN|ANP<PLUR>
elszegényedések,elszegényedésekéi,3,NOUN|PLUR|ANP<PLUR>
testem,testeméi,1,NOUN|POSS<1>|ANP<PLUR>
testek,testekéi,1,NOUN|PLUR|ANP<PLUR>
öregkorunk,öregkorunkéi,1,NOUN|POSS<1><PLUR>|ANP<PLUR>
az,azéi,18,DET|ANP<PLUR>
semmis,semmiséi,1,ADJ|ANP<PLUR>
népesség,népességéi,3,NOUN|ANP<PLUR>
kevesek,kevesekéi,1,NUM|PLUR|ANP<PLUR>
spencer,spenceréi,1,NOUN|ANP<PLUR>
gyors,gyorséi,2,NOUN|ANP<PLUR>
közélet,közéletéi,2,NOUN|ANP<PLUR>
testületek,testületekéi,1,NOUN|PLUR|ANP<PLUR>
telegdi,telegdiéi,2,NOUN[MET_ATTRIB]|ADJ|ANP<PLUR>
oroszok,oroszokéi,4,NOUN|PLUR|ANP<PLUR>
versszak,versszakéi,1,NOUN|ANP<PLUR>
embereim,embereiméi,1,NOUN|PLUR|POSS<1>|ANP<PLUR>
verdi,verdiéi,1,NOUN[MET_ATTRIB]|ADJ|ANP<PLUR>
szerem,szereméi,2,NOUN|POSS<1>|ANP<PLUR>
vei,veiéi,2,NOUN|PLUR|POSS|ANP<PLUR>
évesek,évesekéi,3,ADJ|PLUR|ANP<PLUR>
költő,költőéi,2,NOUN|ANP<PLUR>
gyerekek,gyerekekéi,2,NOUN|PLUR|ANP<PLUR>
szerep,szerepéi,6,NOUN|ANP<PLUR>
szerei,szereiéi,1,NOUN|PLUR|POSS|ANP<PLUR>
domonkosok,domonkosokéi,1,ADJ|PLUR|ANP<PLUR>
nyomda,nyomdáéi,1,NOUN|ANP<PLUR>
oklevél,oklevéléi,1,NOUN|ANP<PLUR>
szerek,szerekéi,1,NOUN|PLUR|ANP<PLUR>
értékesítés,értékesítéséi,4,NOUN|ANP<PLUR>
vénád,vénádéi,1,NOUN|POSS<2>|ANP<PLUR>
bölcsész,bölcsészéi,1,NOUN|ANP<PLUR>
népszerűség,népszerűségéi,3,NOUN|ANP<PLUR>
zsidó,zsidóéi,2,NOUN|ANP<PLUR>
jómód,jómódéi,1,NOUN|ANP<PLUR>
szimmetria,szimmetriáéi,2,NOUN|ANP<PLUR>
dac,dacéi,2,NOUN|ANP<PLUR>
veret,veretéi,2,NOUN|ANP<PLUR>
ügyvéd,ügyvédéi,2,NOUN|ANP<PLUR>
dali,daliéi,4,ADJ|ANP<PLUR>
versik,versikéi,12,NOUN[MET_ATTRIB]|ADJ|PLUR|ANP<PLUR>
látta,láttáéi,1,NOUN|ANP<PLUR>
dal,daléi,2,NOUN|ANP<PLUR>
áldozatok,áldozatokéi,1,NOUN|PLUR|ANP<PLUR>
vállalkozás,vállalkozáséi,2,NOUN|ANP<PLUR>
di,diéi,1,NOUN[MET_ATTRIB]|ADJ|ANP<PLUR>
öntők,öntőkéi,2,NOUN|PLUR|ANP<PLUR>
almás,almáséi,9,ADJ|ANP<PLUR>
leírás,leíráséi,3,NOUN|ANP<PLUR>
varázslás,varázsláséi,4,NOUN|ANP<PLUR>
kérései,kéréseiéi,2,NOUN|PLUR|POSS|ANP<PLUR>
visszás,visszáséi,1,ADJ|ANP<PLUR>
spanyolok,spanyolokéi,4,ADJ|PLUR|ANP<PLUR>
csép,csépéi,1,NOUN|ANP<PLUR>
kérésem,kéréseméi,2,NOUN|POSS<1>|ANP<PLUR>
alsó,alsóéi,2,ADJ|ANP<PLUR>
iskola,iskoláéi,1,NOUN|ANP<PLUR>
megnyilatkozás,megnyilatkozáséi,3,NOUN|ANP<PLUR>
ajkad,ajkadéi,2,NOUN|POSS<2>|ANP<PLUR>
külföld,külföldéi,5,NOUN|ANP<PLUR>
íjad,íjadéi,1,NOUN|POSS<2>|ANP<PLUR>
szerepük,szerepükéi,1,NOUN|POSS<PLUR>|ANP<PLUR>
fejezet,fejezetéi,3,NOUN|ANP<PLUR>
eb,ebéi,1,NOUN|ANP<PLUR>
tömörség,tömörségéi,2,NOUN|ANP<PLUR>
megszüntetés,megszüntetéséi,9,NOUN|ANP<PLUR>
fiútestvér,fiútestvéréi,1,NOUN|ANP<PLUR>
ellentétesség,ellentétességéi,4,ADJ[ABSTRACT]|NOUN|ANP<PLUR>
könyvtárak,könyvtárakéi,3,NOUN|PLUR|ANP<PLUR>
dani,daniéi,22,NOUN[MET_ATTRIB]|ADJ|ANP<PLUR>
iám,iáméi,1,NOUN|POSS<1>|ANP<PLUR>
árpa,árpáéi,1,NOUN|ANP<PLUR>
jegyzet,jegyzetéi,1,NOUN|ANP<PLUR>
folyóvizi,folyóvíziéi,1,NOUN[MET_ATTRIB]|ADJ|ANP<PLUR>
kultúrtermek,kultúrtermekéi,1,NOUN|PLUR|ANP<PLUR>
felár,feláréi,1,NOUN|ANP<PLUR>
ez,ezéi,8,DET|ANP<PLUR>
mez,mezéi,3,NOUN|ANP<PLUR>
fejedelem,fejedeleméi,1,NOUN|ANP<PLUR>
öntőd,öntődéi,2,NOUN|POSS<2>|ANP<PLUR>
csüggedt,csüggedtéi,3,NOUN|ANP<PLUR>
lelkűnk,lelkűnkéi,4,ADJ|POSS<1><PLUR>|ANP<PLUR>
földök,földekéi,1,NOUN|PLUR|ANP<PLUR>
középső,középsőéi,2,ADJ|ANP<PLUR>
bé,bééi,1,NOUN|ANP<PLUR>
azúr,azúréi,2,NOUN|ANP<PLUR>
idézetek,idézetekéi,1,NOUN|PLUR|ANP<PLUR>
ók,ókéi,1,ADJ|PLUR|ANP<PLUR>
födém,födéméi,1,NOUN|ANP<PLUR>
ón,ónéi,1,NOUN|ANP<PLUR>
munka,munkáéi,2,NOUN|ANP<PLUR>
födél,födéléi,1,NOUN|ANP<PLUR>
lignit,lignitéi,1,NOUN|ANP<PLUR>
számkivetett,számkivetettéi,2,NOUN|ANP<PLUR>
jövendő,jövendőéi,6,ADJ|ANP<PLUR>
mélység,mélységéi,4,NOUN|ANP<PLUR>
mór,móréi,2,ADJ|ANP<PLUR>
töredék,töredékéi,2,NOUN|ANP<PLUR>
miniszter,miniszteréi,1,NOUN|ANP<PLUR>
összeköttetés,összeköttetéséi,4,NOUN|ANP<PLUR>
jelvény,jelvényéi,1,NOUN|ANP<PLUR>
fejedelmek,fejedelmekéi,1,NOUN|PLUR|ANP<PLUR>
monda,mondáéi,4,NOUN|ANP<PLUR>
vis,viséi,1,NOUN[MET_ATTRIB]|ADJ[ATTRIB]|ADJ|ANP<PLUR>
saruk,sarukéi,2,NOUN|POSS<PLUR>|ANP<PLUR>
bibi,bibiéi,2,NOUN|ANP<PLUR>
hun,hunéi,2,NOUN|ANP<PLUR>
cirok,cirokéi,1,NOUN|ANP<PLUR>
felmentés,felmentéséi,3,NOUN|ANP<PLUR>
világnézlet,világnézletéi,1,NOUN|ANP<PLUR>
alapismeret,alapismeretéi,1,NOUN|ANP<PLUR>
csér,cséréi,1,NOUN|ANP<PLUR>
pori,poriéi,3,NOUN[MET_ATTRIB]|ADJ|ANP<PLUR>
kiviteli,kiviteliéi,2,ADJ|ANP<PLUR>
legnevezetesebb,legnevezetesebbéi,2,ADJ[SUPERLAT]|ADJ|ANP<PLUR>
népesed,népesedéi,3,NOUN|POSS<2>|ANP<PLUR>
teljesítőképesség,teljesítőképességéi,1,NOUN|ANP<PLUR>
bérei,béreiéi,3,NOUN|PLUR|POSS|ANP<PLUR>
katolikusok,katolikusokéi,6,ADJ|PLUR|ANP<PLUR>
nyomor,nyomoréi,1,NOUN|ANP<PLUR>
számi,számiéi,2,NOUN[MET_ATTRIB]|ADJ|ANP<PLUR>
gyulai,gyulaiéi,3,NOUN|ANP<PLUR>
felfüggesztés,felfüggesztéséi,3,NOUN|ANP<PLUR>
regimentek,regimentekéi,3,NOUN|PLUR|ANP<PLUR>
megkezdés,megkezdéséi,3,NOUN|ANP<PLUR>
főoltárai,főoltáraiéi,1,NOUN|PLUR|POSS|ANP<PLUR>
vezetők,vezetőkéi,3,ADJ|PLUR|ANP<PLUR>
irányadó,irányadóéi,2,NOUN|ANP<PLUR>
poszt,posztéi,1,NOUN|ANP<PLUR>
mid,midéi,1,NOUN|POSS<2>|ANP<PLUR>
érzelmek,érzelmekéi,1,NOUN|PLUR|ANP<PLUR>
jóindulat,jóindulatéi,1,NOUN|ANP<PLUR>
ii,iiéi,2,NOUN[MET_ATTRIB]|ADJ|ANP<PLUR>
mik,mikéi,5,NOUN|PLUR|ANP<PLUR>
előítéletek,előítéletekéi,1,NOUN|PLUR|ANP<PLUR>
ízlés,ízléséi,4,NOUN|ANP<PLUR>
európai,európaiéi,3,NOUN|ANP<PLUR>
részvét,részvétéi,1,NOUN|ANP<PLUR>
költségek,költségekéi,1,NOUN|PLUR|ANP<PLUR>
ön,önéi,7,NOUN|PERS|ANP<PLUR>
szerencsém,szerencséméi,1,NOUN|POSS<1>|ANP<PLUR>
kövei,köveiéi,2,NOUN|PLUR|POSS|ANP<PLUR>
réteg,rétegéi,1,NOUN|ANP<PLUR>
bő,bőéi,2,NOUN|ANP<PLUR>
kövek,kövekéi,1,NOUN|PLUR|ANP<PLUR>
öt,ötéi,3,NUM|ANP<PLUR>
mennyiségi,mennyiségiéi,2,ADJ|ANP<PLUR>
összeg,összegéi,5,NOUN|ANP<PLUR>
öv,övéi,48,NOUN|ANP<PLUR>
leiiak,leiekéi,2,NOUN[MET_ATTRIB]|ADJ|PLUR|ANP<PLUR>
tigris,tigriséi,2,NOUN|ANP<PLUR>
ángy,ángyéi,4,NOUN|ANP<PLUR>
követ,követéi,1,NOUN|ANP<PLUR>
azok,azokéi,18,DET|PLUR|ANP<PLUR>
egyes,egyeséi,2,ADJ|ANP<PLUR>
kiváltsága,kiváltságáéi,3,NOUN|POSS|ANP<PLUR>
befejezés,befejezéséi,8,NOUN|ANP<PLUR>
metszet,metszetéi,1,NOUN|ANP<PLUR>
események,eseményekéi,1,NOUN|PLUR|ANP<PLUR>
közmű,közműéi,1,NOUN|ANP<PLUR>
szülők,szülőkéi,3,NOUN|PLUR|ANP<PLUR>
jelenség,jelenségéi,4,NOUN|ANP<PLUR>
körűi,körűiéi,2,ADJ|PLUR|POSS|ANP<PLUR>
bilik,bilikéi,4,NOUN|PLUR|ANP<PLUR>
rét,rétéi,12,NOUN|ANP<PLUR>
buzid,buzidéi,4,ADJ|POSS<2>|ANP<PLUR>
földöd,földödéi,1,NOUN|POSS<2>|ANP<PLUR>
övék,övékéi,9,NOUN|PLUR<FAM>|ANP<PLUR>
rév,révéi,2,NOUN|ANP<PLUR>
brit,britéi,2,NOUN|ANP<PLUR>
hiúm,hiúméi,1,ADJ|POSS<1>|ANP<PLUR>
ki,kiéi,20,NOUN|ANP<PLUR>
negyed,negyedéi,2,NUM[FRACT]|NUM|ANP<PLUR>
retek,retekéi,2,NOUN|ANP<PLUR>
konnektorok,konnektorokéi,1,NOUN|PLUR|ANP<PLUR>
gerinc,gerincéi,1,NOUN|ANP<PLUR>
márki,márkiéi,3,NOUN|ANP<PLUR>
kerítés,kerítéséi,2,NOUN|ANP<PLUR>
elrendezés,elrendezéséi,4,NOUN|ANP<PLUR>
csap,csapéi,1,NOUN|ANP<PLUR>
kiegészülés,kiegészüléséi,3,VERB[GERUND]|NOUN|ANP<PLUR>
térésünk,térésünkéi,1,VERB[GERUND]|NOUN|POSS<1><PLUR>|ANP<PLUR>
esküszegés,esküszegéséi,1,NOUN|ANP<PLUR>
rétegek,rétegekéi,1,NOUN|PLUR|ANP<PLUR>
dög,dögéi,3,NOUN|ANP<PLUR>
tört,törtéi,12,ADJ|ANP<PLUR>
li,liéi,3,NOUN[MET_ATTRIB]|ADJ|ANP<PLUR>
menete,menetééi,1,NOUN|POSS|ANP<PLUR>
béres,béreséi,3,ADJ|ANP<PLUR>
uraság,uraságéi,1,NOUN|ANP<PLUR>
vizem,vizeméi,1,NOUN|POSS<1>|ANP<PLUR>
vizek,vizekéi,1,NOUN|PLUR|ANP<PLUR>
lakcím,lakcíméi,1,NOUN|ANP<PLUR>
hó,hóéi,1,NOUN|ANP<PLUR>
sorrend,sorrendéi,2,NOUN|ANP<PLUR>
hölgy,hölgyéi,2,NOUN|ANP<PLUR>
husziták,huszitákéi,2,NOUN|PLUR|ANP<PLUR>
szokások,szokásokéi,2,NOUN|PLUR|ANP<PLUR>
üstök,üstökéi,2,NOUN|PLUR|ANP<PLUR>
karácsonyi,karácsonyiéi,4,ADJ|ANP<PLUR>
egység,egységéi,4,NOUN|ANP<PLUR>
iá,iáéi,1,NOUN|ANP<PLUR>
üveg,üvegéi,1,NOUN|ANP<PLUR>
mi,miéi,9,NOUN|ANP<PLUR>
szomszédok,szomszédokéi,2,NOUN|PLUR|ANP<PLUR>
neveid,neveidéi,1,NOUN|PLUR|POSS<2>|ANP<PLUR>
új,újéi,2,ADJ|ANP<PLUR>
malom,maloméi,1,NOUN|ANP<PLUR>
pásztortüzek,pásztortüzekéi,1,NOUN|PLUR|ANP<PLUR>
helyek,helyekéi,1,NOUN|PLUR|ANP<PLUR>
kertész,kertészéi,1,NOUN|ANP<PLUR>
lelkek,lelkekéi,1,NOUN|PLUR|ANP<PLUR>
úr,úréi,12,NOUN|ANP<PLUR>
adott,adottéi,4,ADJ|ANP<PLUR>
emlék,emlékéi,5,NOUN|ANP<PLUR>
összekötés,összekötéséi,3,NOUN|ANP<PLUR>
ti,magatokéi,10,NOUN|PERS<2>|PLUR|ANP<PLUR>
épei,épeiéi,1,ADJ|PLUR|POSS|ANP<PLUR>
egyik,egyikéi,6,NOUN[MET_ATTRIB]|ADJ|PLUR|ANP<PLUR>
molnári,molnáriéi,3,NOUN[MET_ATTRIB]|ADJ|ANP<PLUR>
bolhák,bolhákéi,1,NOUN|PLUR|ANP<PLUR>
némelyik,némelyikéi,1,ADJ|ANP<PLUR>
felkelés,felkeléséi,3,NOUN|ANP<PLUR>
érdeklődés,érdeklődéséi,6,NOUN|ANP<PLUR>
befogadó,befogadóéi,2,VERB[IMPERF_PART]|ADJ|ANP<PLUR>
önmaguk,önmagukéi,3,NOUN|PERS|PLUR|ANP<PLUR>
jó,jóéi,8,NOUN|ANP<PLUR>
körülmény,körülményéi,1,NOUN|ANP<PLUR>
esztendő,esztendőéi,1,NOUN|ANP<PLUR>
közvetítés,közvetítéséi,2,NOUN|ANP<PLUR>
státuszúak,státuszúakéi,1,NOUN[INAL_ATTRIB]|ADJ|PLUR|ANP<PLUR>
módszer,módszeréi,1,NOUN|ANP<PLUR>
dolgos,dolgoséi,3,ADJ|ANP<PLUR>
reagálás,reagáláséi,2,NOUN|ANP<PLUR>
elégedetlen,elégedetlenéi,2,ADJ|ANP<PLUR>
rab,rabéi,4,ADJ|ANP<PLUR>
gyermekek,gyermekekéi,2,NOUN|PLUR|ANP<PLUR>
ok,okéi,4,NOUN|ANP<PLUR>
kötelességeik,kötelességeikéi,3,NOUN|PLUR|POSS<PLUR>|ANP<PLUR>
liliom,lilioméi,31,NOUN|ANP<PLUR>
ük,ükéi,1,NOUN|ANP<PLUR>
fotelom,foteleméi,1,NOUN|POSS<1>|ANP<PLUR>
pannoni,pannoniéi,5,NOUN[MET_ATTRIB]|ADJ|ANP<PLUR>
gonosz,gonoszéi,4,ADJ|ANP<PLUR>
torony,toronyéi,1,NOUN|ANP<PLUR>
gramm,gramméi,1,NOUN|ANP<PLUR>
dolgok,dolgokéi,3,NOUN|PLUR|ANP<PLUR>
cölöp,cölöpéi,3,NOUN|ANP<PLUR>
négyszeri,négyszeriéi,1,NUM[ITER_ATTRIB]|ADJ|ANP<PLUR>
lé,lééi,1,NOUN|ANP<PLUR>
elhelyezés,elhelyezéséi,8,NOUN|ANP<PLUR>
gyűlés,gyűléséi,2,NOUN|ANP<PLUR>
körülmények,körülményekéi,1,NOUN|PLUR|ANP<PLUR>
mediterrán,mediterránéi,2,ADJ|ANP<PLUR>
amaz,amazéi,6,DET|ANP<PLUR>
levelezés,levelezéséi,3,NOUN|ANP<PLUR>
ló,lóéi,3,NOUN|ANP<PLUR>
arái,aráiéi,1,NOUN|PLUR|POSS|ANP<PLUR>
páviánok,páviánokéi,1,NOUN|PLUR|ANP<PLUR>
minden,mindenéi,4,NOUN|ANP<PLUR>
teli,teliéi,12,ADJ|ANP<PLUR>
árpád,árpádéi,2,NOUN|POSS<2>|ANP<PLUR>
luxi,luxiéi,2,NOUN[MET_ATTRIB]|ADJ|ANP<PLUR>
öröklött,öröklöttéi,2,ADJ|ANP<PLUR>
ma,máéi,2,NOUN|ANP<PLUR>
kelep,kelepéi,2,NOUN|ANP<PLUR>
kiűzetés,kiűzetéséi,3,VERB[GERUND]|NOUN|ANP<PLUR>
szelvény,szelvényéi,1,NOUN|ANP<PLUR>
kiterjedés,kiterjedéséi,3,NOUN|ANP<PLUR>
szertár,szertáréi,1,NOUN|ANP<PLUR>
kelem,keleméi,1,NOUN|POSS<1>|ANP<PLUR>
kelet,keletéi,1,NOUN|ANP<PLUR>
valamik,valamikéi,1,NOUN|PLUR|ANP<PLUR>
idézői,idézőiéi,2,ADJ|PLUR|POSS|ANP<PLUR>
három,hároméi,4,NUM|ANP<PLUR>
patent,patentéi,2,NOUN|ANP<PLUR>
visszavétel,visszavételéi,1,NOUN|ANP<PLUR>
nevek,nevekéi,1,NOUN|PLUR|ANP<PLUR>
dob,dobéi,2,NOUN|ANP<PLUR>
csillék,csillékéi,1,NOUN|PLUR|ANP<PLUR>
egészségünk,egészségünkéi,2,NOUN|POSS<1><PLUR>|ANP<PLUR>
sokszori,sokszoriéi,1,NUM[ITER_ATTRIB]|ADJ|ANP<PLUR>
nevei,neveiéi,3,NOUN|PLUR|POSS|ANP<PLUR>
mondatrészek,mondatrészekéi,1,NOUN|PLUR|ANP<PLUR>
dog,dogéi,2,NOUN|ANP<PLUR>
neved,nevedéi,1,NOUN|POSS<2>|ANP<PLUR>
átköltözés,átköltözéséi,3,NOUN|ANP<PLUR>
tűnk,tűnkéi,1,NOUN|POSS<1><PLUR>|ANP<PLUR>
szemünk,szemünkéi,7,NOUN|POSS<1><PLUR>|ANP<PLUR>
moldovai,moldovaiéi,1,NOUN[MET_ATTRIB]|ADJ|ANP<PLUR>
ri,riéi,2,NOUN[MET_ATTRIB]|ADJ|ANP<PLUR>
gazdasszony,gazdasszonyéi,1,NOUN|ANP<PLUR>
adat,adatéi,1,NOUN|ANP<PLUR>
független,függetlenéi,3,NOUN|ANP<PLUR>
növények,növényekéi,3,NOUN|PLUR|ANP<PLUR>
felszerelés,felszereléséi,4,NOUN|ANP<PLUR>
szükségszerűség,szükségszerűségéi,3,NOUN|ANP<PLUR>
döntés,döntéséi,4,NOUN|ANP<PLUR>
keletkezés,keletkezéséi,6,NOUN|ANP<PLUR>
ibi,ibiéi,2,NOUN[MET_ATTRIB]|ADJ|ANP<PLUR>
páni,pániéi,3,ADJ|ANP<PLUR>
bili,biliéi,24,NOUN|ANP<PLUR>
kérők,kérőkéi,2,NOUN|PLUR|ANP<PLUR>
lóvéi,lóvéiéi,2,NOUN[MET_ATTRIB]|ADJ|ANP<PLUR>
özvegy,özvegyéi,2,ADJ|ANP<PLUR>
német,németéi,8,ADJ|ANP<PLUR>
társuk,társukéi,1,NOUN|POSS<PLUR>|ANP<PLUR>
polgár,polgáréi,2,NOUN|ANP<PLUR>
részek,részekéi,3,NOUN|PLUR|ANP<PLUR>
türelmetlen,türelmetlenéi,1,ADJ|ANP<PLUR>
magány,magányéi,1,NOUN|ANP<PLUR>
felei,feleiéi,3,NOUN|PLUR|POSS|ANP<PLUR>
magyar,magyaréi,8,NOUN|ANP<PLUR>
társaik,társaikéi,2,NOUN|PLUR|POSS<PLUR>|ANP<PLUR>
örökösöd,örökösödéi,4,ADJ|POSS<2>|ANP<PLUR>
dóid,dóidéi,2,NOUN|PLUR|POSS<2>|ANP<PLUR>
százak,százakéi,1,NUM|PLUR|ANP<PLUR>
cikkünk,cikkünkéi,1,NOUN|POSS<1><PLUR>|ANP<PLUR>
pecsétünk,pecsétünkéi,2,NOUN|POSS<1><PLUR>|ANP<PLUR>
féled,feledéi,5,NOUN|POSS<2>|ANP<PLUR>
hitelei,hiteleiéi,1,NOUN|PLUR|POSS|ANP<PLUR>
szőlőtövek,szőlőtőkéi,4,NOUN|PLUR|ANP<PLUR>
halmok,halmokéi,1,NOUN|PLUR|ANP<PLUR>
század,századéi,12,NUM|POSS<2>|ANP<PLUR>
múlt,múltéi,21,NOUN|ANP<PLUR>
öved,övedéi,3,NOUN|POSS<2>|ANP<PLUR>
helyiségek,helyiségekéi,3,NOUN|PLUR|ANP<PLUR>
elitem,eliteméi,2,NOUN|POSS<1>|ANP<PLUR>
atyáink,atyáinkéi,1,NOUN|PLUR|POSS<1><PLUR>|ANP<PLUR>
bekövetkezés,bekövetkezéséi,2,VERB[GERUND]|NOUN|ANP<PLUR>
görbületi,görbületiéi,1,NOUN[MET_ATTRIB]|ADJ|ANP<PLUR>
vének,vénekéi,2,ADJ|PLUR|ANP<PLUR>
közönség,közönségéi,4,NOUN|ANP<PLUR>
doktor,doktoréi,1,NOUN|ANP<PLUR>
nemek,nemekéi,1,NOUN|PLUR|ANP<PLUR>
megalapító,megalapítóéi,2,VERB[IMPERF_PART]|ADJ|ANP<PLUR>
hasznai,hasznaiéi,1,NOUN|PLUR|POSS|ANP<PLUR>
prépostok,prépostokéi,1,NOUN|PLUR|ANP<PLUR>
építmények,építményekéi,2,NOUN|PLUR|ANP<PLUR>
akárki,akárkiéi,1,NOUN|ANP<PLUR>
verse,versééi,2,NOUN|POSS|ANP<PLUR>
ismeretek,ismeretekéi,1,NOUN|PLUR|ANP<PLUR>
megszervezés,megszervezéséi,3,VERB[GERUND]|NOUN|ANP<PLUR>
kisvárosok,kisvárosokéi,1,NOUN|PLUR|ANP<PLUR>
paris,pariséi,3,NOUN[MET_ATTRIB]|ADJ[ATTRIB]|ADJ|ANP<PLUR>
tett,tettéi,6,NOUN|ANP<PLUR>
mienk,mienkéi,1,NOUN|PERS<1>|PLUR|ANP|ANP<PLUR>
meteori,meteoriéi,2,NOUN[MET_ATTRIB]|ADJ|ANP<PLUR>
böjt,böjtéi,1,NOUN|ANP<PLUR>
jánoshegyi,jánoshegyiéi,3,ADJ|ANP<PLUR>
vi,viéi,3,NOUN[MET_ATTRIB]|ADJ|ANP<PLUR>
nemi,nemiéi,4,ADJ|ANP<PLUR>
hegy,hegyéi,3,NOUN|ANP<PLUR>
test,testéi,11,NOUN|ANP<PLUR>
tagja,tagjáéi,1,NOUN|POSS|ANP<PLUR>
re,rééi,2,NOUN|ANP<PLUR>
mákonyi,mákonyiéi,1,NOUN[MET_ATTRIB]|ADJ|ANP<PLUR>
kovácsi,kovácsiéi,4,NOUN[MET_ATTRIB]|ADJ|ANP<PLUR>
európaiak,európaiakéi,3,NOUN|PLUR|ANP<PLUR>
folyadékok,folyadékokéi,1,NOUN|PLUR|ANP<PLUR>
fiatalabbak,fiatalabbakéi,1,ADJ[COMPAR]|ADJ|PLUR|ANP<PLUR>
lovai,lovaiéi,2,NOUN|PLUR|POSS|ANP<PLUR>
üzenet,üzenetéi,1,NOUN|ANP<PLUR>
kiadvány,kiadványéi,1,NOUN|ANP<PLUR>
lovak,lovakéi,2,NOUN|PLUR|ANP<PLUR>
mindannyiunk,mindannyiunkéi,1,NOUN|PERS<1>|PLUR|ANP<PLUR>
érzés,érzéséi,6,NOUN|ANP<PLUR>
erdőségek,erdőségekéi,1,NOUN|PLUR|ANP<PLUR>
szilva,szilváéi,1,NOUN|ANP<PLUR>
lovas,lovaséi,12,ADJ|ANP<PLUR>
tüskéi,tüskéiéi,1,NOUN|PLUR|POSS|ANP<PLUR>
lumen,lumenéi,1,NOUN|ANP<PLUR>
zsemlém,zsemléméi,4,NOUN|POSS<1>|ANP<PLUR>
csatornák,csatornákéi,1,NOUN|PLUR|ANP<PLUR>
híveink,híveinkéi,2,NOUN|PLUR|POSS<1><PLUR>|ANP<PLUR>
próféták,prófétákéi,1,NOUN|PLUR|ANP<PLUR>
ferenci,ferenciéi,2,NOUN[MET_ATTRIB]|ADJ|ANP<PLUR>
terv,tervéi,2,NOUN|ANP<PLUR>
sí,síéi,2,NOUN|ANP<PLUR>
torok,torokéi,8,NOUN|PLUR|ANP<PLUR>
gazdaságtan,gazdaságtanéi,1,NOUN|ANP<PLUR>
érzék,érzékéi,1,NOUN|ANP<PLUR>
mi,mieink,17,NOUN|PERS<1>|PLUR|ANP<PLUR>
testi,testiéi,3,ADJ|ANP<PLUR>
só,sóéi,1,NOUN|ANP<PLUR>
beregszászi,beregszásziéi,2,NOUN[MET_ATTRIB]|ADJ|ANP<PLUR>
elefánt,elefántéi,1,NOUN|ANP<PLUR>
szépség,szépségéi,4,NOUN|ANP<PLUR>
főd,fődéi,4,ADJ|POSS<2>|ANP<PLUR>
tagok,tagokéi,1,NOUN|PLUR|ANP<PLUR>
mellkas,mellkaséi,1,NOUN|ANP<PLUR>
eljövetel,eljöveteléi,1,NOUN|ANP<PLUR>
mindazok,mindazokéi,2,DET|PLUR|ANP<PLUR>
lombfűrész,lombfűrészéi,2,NOUN|ANP<PLUR>
kötelezettség,kötelezettségéi,4,NOUN|ANP<PLUR>
becs,becséi,2,NOUN|ANP<PLUR>
sing,singéi,4,NOUN|ANP<PLUR>
úri,úriéi,4,ADJ|ANP<PLUR>
nyílvessző,nyílvesszőéi,1,NOUN|ANP<PLUR>
küldés,küldéséi,2,NOUN|ANP<PLUR>
tó,tóéi,1,NOUN|ANP<PLUR>
partner,partneréi,1,NOUN|ANP<PLUR>
gyümölcsök,gyümölcsökéi,1,NOUN|PLUR|ANP<PLUR>
érzékük,érzékükéi,1,NOUN|POSS<PLUR>|ANP<PLUR>
lázad,lázadéi,1,NOUN|POSS<2>|ANP<PLUR>
ördög,ördögéi,2,NOUN|ANP<PLUR>
félkövér,félkövéréi,2,ADJ|ANP<PLUR>
szabad,szabadéi,2,ADJ|ANP<PLUR>
mindszenti,mindszentiéi,3,NOUN[MET_ATTRIB]|ADJ|ANP<PLUR>
éretlen,éretlenéi,3,ADJ|ANP<PLUR>
késztetésed,késztetésedéi,2,VERB[GERUND]|NOUN|POSS<2>|ANP<PLUR>
kereszti,keresztiéi,3,NOUN[MET_ATTRIB]|ADJ|ANP<PLUR>
igény,igényéi,2,NOUN|ANP<PLUR>
költségeik,költségeikéi,1,NOUN|PLUR|POSS<PLUR>|ANP<PLUR>
gyilkosak,gyilkosokéi,3,ADJ|PLUR|ANP<PLUR>
szerelme,szerelmééi,1,NOUN|POSS|ANP<PLUR>
vidék,vidékéi,6,NOUN[MET_ATTRIB]|ADJ|POSS<2>|PLUR<FAM>|ANP<PLUR>
szófogadás,szófogadáséi,1,NOUN|ANP<PLUR>
iii,iiiéi,3,NOUN[MET_ATTRIB]|ADJ|PLUR|POSS|ANP<PLUR>
utói,utóiéi,2,NOUN[MET_ATTRIB]|ADJ|ANP<PLUR>
elődjei,elődeiéi,1,NOUN|PLUR|POSS|ANP<PLUR>
kitek,kitekéi,2,NOUN|POSS<2><PLUR>|ANP<PLUR>
utóm,utóméi,1,NOUN|POSS<1>|ANP<PLUR>
martin,martinéi,3,NOUN|ANP<PLUR>
eszese,eszesééi,3,ADJ|POSS|ANP<PLUR>
büntetések,büntetésekéi,2,NOUN|PLUR|ANP<PLUR>
utóbbi,utóbbiéi,4,NOUN|ANP<PLUR>
járt,jártéi,2,ADJ|ANP<PLUR>
reggel,reggeléi,1,NOUN|ANP<PLUR>
történet,történetéi,6,NOUN|ANP<PLUR>
erdőm,erdőméi,1,NOUN|POSS<1>|ANP<PLUR>
klip,klipéi,1,NOUN|ANP<PLUR>
öcs,öcséi,4,NOUN|ANP<PLUR>
elterjedés,elterjedéséi,3,NOUN|ANP<PLUR>
őszik,őszikéi,30,NOUN|PLUR|ANP<PLUR>
őzik,őzikéi,4,NOUN[MET_ATTRIB]|ADJ|PLUR|ANP<PLUR>
hosszúid,hosszúidéi,4,NOUN|PLUR|POSS<2>|ANP<PLUR>
nevük,nevükéi,1,NOUN|POSS<PLUR>|ANP<PLUR>
assisi,assisiéi,4,NOUN|ANP<PLUR>
ciceró,ciceróéi,1,NOUN|ANP<PLUR>
fiatalság,fiatalságéi,2,NOUN|ANP<PLUR>
száza,százáéi,1,NUM|POSS|ANP<PLUR>
nép,népéi,6,NOUN|ANP<PLUR>
kérészi,kérésziéi,3,NOUN[MET_ATTRIB]|ADJ|ANP<PLUR>
nőstény,nőstényéi,1,NOUN|ANP<PLUR>
nomádok,nomádokéi,2,NOUN|PLUR|ANP<PLUR>
név,névéi,4,NOUN|ANP<PLUR>
egyéni,egyéniéi,4,NOUN|ANP<PLUR>
jogtudomány,jogtudományéi,1,NOUN|ANP<PLUR>
rolónk,rolónkéi,1,NOUN|POSS<1><PLUR>|ANP<PLUR>
erőd,erődéi,4,NOUN|POSS<2>|ANP<PLUR>
éled,éledéi,1,NOUN|POSS<2>|ANP<PLUR>
katedrálisok,katedrálisokéi,1,NOUN|PLUR|ANP<PLUR>
figyelem,figyeleméi,1,NOUN|ANP<PLUR>
jóság,jóságéi,2,NOUN|ANP<PLUR>
lepény,lepényéi,1,NOUN|ANP<PLUR>
élem,éleméi,1,NOUN|POSS<1>|ANP<PLUR>
élei,éleiéi,1,NOUN|PLUR|POSS|ANP<PLUR>
kezei,kezeiéi,1,NOUN|PLUR|POSS|ANP<PLUR>
altiszt,altisztéi,1,NOUN|ANP<PLUR>
közvetlen,közvetlenéi,2,ADJ|ANP<PLUR>
jász,jászéi,12,NOUN|ANP<PLUR>
nesz,neszéi,1,NOUN|ANP<PLUR>
begy,begyéi,1,NOUN|ANP<PLUR>
vészed,vészedéi,4,NOUN|POSS<2>|ANP<PLUR>
dedós,dedóséi,2,ADJ|ANP<PLUR>
növekedés,növekedéséi,6,NOUN|ANP<PLUR>
élet,életéi,11,NOUN|ANP<PLUR>
vészei,vészeiéi,5,NOUN|PLUR|POSS|ANP<PLUR>
méhfélék,méhfélékéi,1,NOUN[TYPE2]|ADJ|PLUR|ANP<PLUR>
ili,iliéi,5,NOUN[MET_ATTRIB]|ADJ|ANP<PLUR>
herceg,hercegéi,2,NOUN|ANP<PLUR>
jutott,jutottéi,2,ADJ|ANP<PLUR>
pozsonyi,pozsonyiéi,3,ADJ|ANP<PLUR>
apátság,apátságéi,3,NOUN|ANP<PLUR>
reged,regedéi,2,NOUN|POSS<2>|ANP<PLUR>
szívók,szívókéi,2,NOUN|PLUR|ANP<PLUR>
miki,mikiéi,4,NOUN[MET_ATTRIB]|ADJ|ANP<PLUR>
művelőd,művelődéi,6,NOUN|POSS<2>|ANP<PLUR>
régiség,régiségéi,6,NOUN|ANP<PLUR>
nehringi,nehringiéi,5,NOUN[MET_ATTRIB]|ADJ|ANP<PLUR>
hírünk,hírünkéi,1,NOUN|POSS<1><PLUR>|ANP<PLUR>
rom,roméi,1,NOUN|ANP<PLUR>
jelenetek,jelenetekéi,3,ADJ|POSS<2><PLUR>|ANP<PLUR>
síik,síikéi,2,NOUN[MET_ATTRIB]|ADJ|PLUR|ANP<PLUR>
regem,regeméi,1,NOUN|POSS<1>|ANP<PLUR>
kemény,keményéi,2,ADJ|ANP<PLUR>
havas,havaséi,6,ADJ|ANP<PLUR>
vedrek,vedrekéi,1,NOUN|PLUR|ANP<PLUR>
szükségesség,szükségességéi,3,NOUN|ANP<PLUR>
alkatrészek,alkatrészekéi,1,NOUN|PLUR|ANP<PLUR>
dóri,dóriéi,2,NOUN[MET_ATTRIB]|ADJ|ANP<PLUR>
gyerek,gyerekéi,1,NOUN|ANP<PLUR>
derék,derékéi,2,NOUN|ANP<PLUR>
érőd,érődéi,2,VERB[IMPERF_PART]|ADJ|POSS<2>|ANP<PLUR>
élelmiszerek,élelmiszerekéi,1,NOUN|PLUR|ANP<PLUR>
hely,helyéi,8,NOUN|ANP<PLUR>
hitványok,hitványakéi,2,NOUN|PLUR|ANP<PLUR>
ifik,ifikéi,3,NOUN|PLUR|ANP<PLUR>
kobold,koboldéi,1,NOUN|ANP<PLUR>
mini,miniéi,12,NOUN|ANP<PLUR>
szüleiek,szüleikéi,2,NOUN[MET_ATTRIB]|ADJ|PLUR|ANP<PLUR>
másikunk,másikunkéi,1,NOUN|POSS<1><PLUR>|ANP<PLUR>
cselek,cselekéi,2,NOUN|PLUR|ANP<PLUR>
hűnk,hűnkéi,1,ADJ|POSS<1><PLUR>|ANP<PLUR>
vezetőség,vezetőségéi,2,NOUN|ANP<PLUR>
tapasztalatunk,tapasztalatunkéi,1,NOUN|POSS<1><PLUR>|ANP<PLUR>
ellenkező,ellenkezőéi,3,NOUN|ANP<PLUR>
fejlőd,fejlődéi,1,VERB[IMPERF_PART]|ADJ|POSS<2>|ANP<PLUR>
vétkeink,vétkeinkéi,1,NOUN|PLUR|POSS<1><PLUR>|ANP<PLUR>
felvevőképesség,felvevőképességéi,1,ADJ[ABSTRACT]|NOUN|ANP<PLUR>
említés,említéséi,2,NOUN|ANP<PLUR>
eszköze,eszközééi,1,NOUN|POSS|ANP<PLUR>
jelöltjeim,jelöltjeiméi,1,VERB[PERF_PART]|ADJ|PLUR|POSS<1>|ANP<PLUR>
blatt,blattéi,2,NOUN|ANP<PLUR>
telted,teltedéi,2,ADJ|POSS<2>|ANP<PLUR>
siti,sitiéi,2,NOUN|ANP<PLUR>
kifejlesztés,kifejlesztéséi,3,NOUN|ANP<PLUR>
üvegek,üvegekéi,1,NOUN|PLUR|ANP<PLUR>
reform,reforméi,1,NOUN|ANP<PLUR>
elem,eleméi,2,NOUN|ANP<PLUR>
testű,testűéi,4,ADJ|ANP<PLUR>
rózsák,rózsákéi,1,NOUN|PLUR|ANP<PLUR>
érzet,érzetéi,2,NOUN|ANP<PLUR>
ökreink,ökreinkéi,1,NOUN|PLUR|POSS<1><PLUR>|ANP<PLUR>
kezem,kezeméi,3,NOUN|POSS<1>|ANP<PLUR>
tanfelügyelő,tanfelügyelőéi,1,NOUN|ANP<PLUR>
mind,mindéi,11,NOUN|ANP<PLUR>
mindszent,mindszentéi,1,NOUN|ANP<PLUR>
atléta,atlétáéi,1,NOUN|ANP<PLUR>
rendűi,rendűiéi,2,ADJ|PLUR|POSS|ANP<PLUR>
készítménye,készítményééi,1,NOUN|POSS|ANP<PLUR>
ösztönzés,ösztönzéséi,4,NOUN|ANP<PLUR>
kelme,kelmééi,1,NOUN|ANP<PLUR>
lehetőségeik,lehetőségeikéi,1,NOUN|PLUR|POSS<PLUR>|ANP<PLUR>
parti,partiéi,5,ADJ|ANP<PLUR>
pityer,pityeréi,1,NOUN|ANP<PLUR>
klastrom,klastroméi,1,NOUN|ANP<PLUR>
igyekezetünk,igyekezetünkéi,1,NOUN|POSS<1><PLUR>|ANP<PLUR>
ébred,ébredéi,1,ADJ|POSS<2>|ANP<PLUR>
palásta,palástjáéi,1,NOUN|POSS|ANP<PLUR>
tengerészek,tengerészekéi,1,NOUN|PLUR|ANP<PLUR>
lehetőség,lehetőségéi,2,NOUN|ANP<PLUR>
elies,eliséi,2,NOUN[MET_ATTRIB]|ADJ[ATTRIB]|ADJ|ANP<PLUR>
elit,elitéi,16,NOUN|ANP<PLUR>
sereg,seregéi,3,NOUN|ANP<PLUR>
portugálok,portugálokéi,2,ADJ|PLUR|ANP<PLUR>
vezénylet,vezényletéi,1,NOUN|ANP<PLUR>
júniusi,júniusiéi,3,ADJ|ANP<PLUR>
foton,fotonéi,1,NOUN|ANP<PLUR>
csimpánz,csimpánzéi,1,NOUN|ANP<PLUR>
szorgalom,szorgaloméi,1,NOUN|ANP<PLUR>
köpeny,köpenyéi,2,NOUN|ANP<PLUR>
hatosa,hatosáéi,1,NUM[ATTRIB]|ADJ|POSS|ANP<PLUR>
öcsémuram,öcsémuraméi,1,NOUN|ANP<PLUR>
telkei,telkeiéi,2,NOUN|PLUR|POSS|ANP<PLUR>
politikusak,politikusokéi,2,ADJ|PLUR|ANP<PLUR>
meggy,meggyéi,1,NOUN|ANP<PLUR>
szülött,szülöttéi,1,NOUN|ANP<PLUR>
néni,néniéi,2,NOUN|ANP<PLUR>
gazdatiszt,gazdatisztéi,1,NOUN|ANP<PLUR>
hossz,hosszéi,4,NOUN|ANP<PLUR>
mátyás,mátyáséi,2,NOUN|ANP<PLUR>
elképzelése,elképzelésééi,3,NOUN|POSS|ANP<PLUR>
vasderesek,vasderesekéi,2,ADJ|PLUR|ANP<PLUR>
vihari,vihariéi,3,NOUN[MET_ATTRIB]|ADJ|ANP<PLUR>
cégek,cégekéi,1,NOUN|PLUR|ANP<PLUR>
épületek,épületekéi,1,NOUN|PLUR|ANP<PLUR>
földünk,földünkéi,1,NOUN|POSS<1><PLUR>|ANP<PLUR>
észlelés,észleléséi,2,NOUN|ANP<PLUR>
rum,ruméi,3,NOUN|ANP<PLUR>
közbirtokosság,közbirtokosságéi,1,NOUN|ANP<PLUR>
fiág,fiágéi,1,NOUN|ANP<PLUR>
recenzió,recenzióéi,1,NOUN|ANP<PLUR>
tők,tőkéi,24,NOUN|PLUR|ANP<PLUR>
gyümölcs,gyümölcséi,1,NOUN|ANP<PLUR>
nemzet,nemzetéi,6,NOUN|ANP<PLUR>
isi,isiéi,2,NOUN|ANP<PLUR>
isten,istenéi,15,NOUN|ANP<PLUR>
büntetésük,büntetésükéi,2,NOUN|POSS<PLUR>|ANP<PLUR>
kételyek,kételyekéi,1,NOUN|PLUR|ANP<PLUR>
tős,tőséi,1,NOUN[ATTRIB]|ADJ|ANP<PLUR>
bányavárosok,bányavárosokéi,1,NOUN|PLUR|ANP<PLUR>
süllyedés,süllyedéséi,4,NOUN|ANP<PLUR>
nej,nejéi,1,NOUN|ANP<PLUR>
vármegyék,vármegyékéi,3,NOUN|PLUR|ANP<PLUR>
nem,neméi,8,NOUN|ANP<PLUR>
guszti,gusztiéi,2,NOUN[MET_ATTRIB]|ADJ|ANP<PLUR>
értekezések,értekezésekéi,2,NOUN|PLUR|ANP<PLUR>
szükségeink,szükségeinkéi,1,NOUN|PLUR|POSS<1><PLUR>|ANP<PLUR>
net,netéi,1,NOUN|ANP<PLUR>
minőség,minőségéi,3,NOUN|ANP<PLUR>
cigányok,cigányokéi,2,NOUN|PLUR|ANP<PLUR>
szerzők,szerzőkéi,2,NOUN|PLUR|ANP<PLUR>
szerkezet,szerkezetéi,1,NOUN|ANP<PLUR>
ismertség,ismertségéi,2,ADJ[ABSTRACT]|NOUN|ANP<PLUR>
fegyverek,fegyverekéi,1,NOUN|PLUR|ANP<PLUR>
kolozsváriak,kolozsváriakéi,2,NOUN[MET_ATTRIB]|ADJ|PLUR|ANP<PLUR>
szarvas,szarvaséi,3,ADJ|ANP<PLUR>
közösség,közösségéi,4,NOUN|ANP<PLUR>
követe,követééi,1,NOUN|POSS|ANP<PLUR>
fegyverem,fegyvereméi,1,NOUN|POSS<1>|ANP<PLUR>
medi,mediéi,1,NOUN[MET_ATTRIB]|ADJ|ANP<PLUR>
lengyel,lengyeléi,2,NOUN|ANP<PLUR>
kutya,kutyáéi,2,ADJ|ANP<PLUR>
jellem,jelleméi,2,NOUN|ANP<PLUR>
valószínűi,valószínűiéi,3,NOUN[MET_ATTRIB]|ADJ|ANP<PLUR>
dénár,dénáréi,1,NOUN|ANP<PLUR>
vonatkozások,vonatkozásokéi,2,NOUN|PLUR|ANP<PLUR>
kopek,kopekéi,1,NOUN|ANP<PLUR>
kaján,kajánéi,6,ADJ|ANP<PLUR>
népünk,népünkéi,1,NOUN|POSS<1><PLUR>|ANP<PLUR>
regiment,regimentéi,3,NOUN|ANP<PLUR>
sejt,sejtéi,3,NOUN|ANP<PLUR>
risti,ristiéi,1,NOUN[MET_ATTRIB]|ADJ|ANP<PLUR>
jelleg,jellegéi,7,NOUN|ANP<PLUR>
szitakötők,szitakötőkéi,1,NOUN|PLUR|ANP<PLUR>
fejléce,fejlécééi,1,NOUN|POSS|ANP<PLUR>
öreg,öregéi,2,NOUN|ANP<PLUR>
szervezetük,szervezetükéi,1,NOUN|POSS<PLUR>|ANP<PLUR>
egyházi,egyháziéi,5,NOUN|ANP<PLUR>
betegség,betegségéi,4,NOUN|ANP<PLUR>
prior,prioréi,1,NOUN|ANP<PLUR>
anyaország,anyaországéi,1,NOUN|ANP<PLUR>
tökéletességű,tökéletességűéi,2,NOUN[INAL_ATTRIB]|ADJ|ANP<PLUR>
tana,tanáéi,3,NOUN|POSS|ANP<PLUR>
bősz,bőszéi,1,ADJ|ANP<PLUR>
nyersebb,nyersebbéi,1,ADJ[COMPAR]|ADJ|ANP<PLUR>
asztal,asztaléi,1,NOUN|ANP<PLUR>
gabii,gabiiéi,2,NOUN[MET_ATTRIB]|ADJ|PLUR|POSS|ANP<PLUR>
tétel,tételéi,2,NOUN|ANP<PLUR>
alsóbb,alsóbbéi,1,ADJ[COMPAR]|ADJ|ANP<PLUR>
kévés,kévéséi,1,NOUN[ATTRIB]|ADJ|ANP<PLUR>
istene,istenééi,1,NOUN|POSS|ANP<PLUR>
bácsi,bácsiéi,3,NOUN|ANP<PLUR>
takarmány,takarmányéi,2,NOUN|ANP<PLUR>
ügyek,ügyekéi,1,NOUN|PLUR|ANP<PLUR>
apróságok,apróságokéi,2,NOUN|PLUR|ANP<PLUR>
ismeretünk,ismeretünkéi,1,NOUN|POSS<1><PLUR>|ANP<PLUR>
alföld,alföldéi,1,NOUN|ANP<PLUR>
vélemény,véleményéi,1,NOUN|ANP<PLUR>
ügyem,ügyeméi,1,NOUN|POSS<1>|ANP<PLUR>
gólyák,gólyákéi,1,NOUN|PLUR|ANP<PLUR>
őrzés,őrzéséi,2,NOUN|ANP<PLUR>
fizetés,fizetéséi,4,NOUN|ANP<PLUR>
érdemrend,érdemrendéi,1,NOUN|ANP<PLUR>
csempészet,csempészetéi,1,NOUN|ANP<PLUR>
szüléim,szüléiméi,1,NOUN|PLUR|POSS<1>|ANP<PLUR>
bűnösök,bűnösökéi,3,NOUN|PLUR|ANP<PLUR>
bankjegyek,bankjegyekéi,1,NOUN|PLUR|ANP<PLUR>
püspök,püspökéi,1,NOUN|ANP<PLUR>
gerezd,gerezdéi,3,NOUN|ANP<PLUR>
teendők,teendőkéi,6,NOUN|PLUR|ANP<PLUR>
állás,álláséi,2,NOUN|ANP<PLUR>
billegés,billegéséi,1,VERB[GERUND]|NOUN|ANP<PLUR>
szegényebbek,szegényebbekéi,1,ADJ[COMPAR]|ADJ|PLUR|ANP<PLUR>
kocák,kocákéi,1,NOUN|PLUR|ANP<PLUR>
emelkedés,emelkedéséi,4,NOUN|ANP<PLUR>
atyám,atyáméi,2,NOUN|POSS<1>|ANP<PLUR>
dolog,dologéi,1,NOUN|ANP<PLUR>
nik,nikéi,1,NOUN[MET_ATTRIB]|ADJ|PLUR|ANP<PLUR>
másik,másikéi,14,NOUN[MET_ATTRIB]|ADJ|PLUR|ANP<PLUR>
cövek,cövekéi,1,NOUN|ANP<PLUR>
államok,államokéi,4,NOUN|PLUR|ANP<PLUR>
apostolok,apostolokéi,1,NOUN|PLUR|ANP<PLUR>
matériái,matériáiéi,1,NOUN|PLUR|POSS|ANP<PLUR>
bőd,bődéi,4,NOUN|POSS<2>|ANP<PLUR>
meggyelő,meggyelőéi,1,NOUN[ACT2]|VERB[IMPERF_PART]|ADJ|ANP<PLUR>
ítélkezés,ítélkezéséi,2,NOUN|ANP<PLUR>
magaviselet,magaviseletéi,1,NOUN|ANP<PLUR>
idegen,idegenéi,4,ADJ|ANP<PLUR>
lilénk,lilénkéi,1,NOUN|POSS<1><PLUR>|ANP<PLUR>
bős,bőséi,2,NOUN[ATTRIB]|ADJ|ANP<PLUR>
fogadók,fogadókéi,3,NOUN|PLUR|ANP<PLUR>
bőr,bőréi,2,NOUN|ANP<PLUR>
egy,egyéi,2,NUM|ANP<PLUR>
